fixture_id,user_id,session_id,included,qualification_reason,hard_conditions,price_max,catalogue_count,eligible_catalogue_count,full_actual_k,filtered_actual_k,filtered_expected_max_k,original_top_k_hard_incompatible_count,original_top_k_hard_incompatible_percent,top_k_overlap_count,top_k_overlap_percent,q_m0_key,q_m0_float32_sha256,memory_count,ordered_memory_ids_sha256,ordered_memory_embedding_keys_sha256,scientific_execution
u1_stable_s5_final,u1_stable,u1_stable_s5,True,eligible: deterministic current M0 price_max changes the catalogue universe,{'price_max': 120.0},120.0,50000,9794,500,,500,466,93.2,,,query:u1_stable_s5_final,b90d6a9a5b3cc33b02739062b8ec1fa75a848d82b08a11a79272b61f0c63a881,6,59b0608d5105a8bb2b79a3fe63285dcab70c7837a6038ec6cc3fb05e9d4944e8,7b3fe5a5ae24cb62d3900aceed586f0b850e6d3da578a83f2a321492d95b5409,False
u1_stable_s6_final,u1_stable,u1_stable_s6,True,eligible: deterministic current M0 price_max changes the catalogue universe,{'price_max': 120.0},120.0,50000,9794,500,,500,454,90.8,,,query:u1_stable_s6_final,b1d3d772e92587fafd8cea8a9ea6c65c81b014cf62a75b985e05543b04e6399d,6,4b74df5c4896b382e6ca08e0824af82a4bf83ad02653a2c6413a3c069d692b14,db66fd4549aef410200f0a3edfbfd1d817bad95fdfb0b9378124eb2dba278c70,False
u1_stable_s8_final,u1_stable,u1_stable_s8,False,identity: frozen current M0 state has no genuine hard condition,{},9999.0,50000,50000,500,,500,0,0.0,,,query:u1_stable_s8_final,24babbb5dd4c57ec45997b4fe96ea807bc6e691a3e9598c40010d72b2dd8488b,6,684a8f0a453dd140499d931a88e4d9116cb6bee9ea82929992a8c9dcdec1ad84,6a261181386569a01fabf580c1bf630a6ab851afe7a2a110ec4ebf89de87b083,False
u1_stable_s9_final,u1_stable,u1_stable_s9,False,identity: frozen current M0 state has no genuine hard condition,{},9999.0,50000,50000,500,,500,0,0.0,,,query:u1_stable_s9_final,f6a75aae0d25874982feb583b603fdca238e39f33e7d9323835d94cca4a6f90c,6,3c65fb0ee37f3ce635c09f60d889b9b969c483f79c6feda8e5e2cdc76c934c4d,bfcaee489894e3383c0b41986b4269ebf9140c8382d15e42af90d4029a0d8417,False
u2_override_s2_final,u2_override,u2_override_s2,False,identity: frozen current M0 state has no genuine hard condition,{},9999.0,50000,50000,500,,500,0,0.0,,,query:u2_override_s2_final,df35cdf981108e51616fd435dea7337807f5e83c076ee104d0480bd3be6c05a0,5,304688b32d0445f7952bd6b204616caa7eb2274c7d83b0d11ed51b73ce67c9de,7a41fccb811e0e7373d491bd8e5eccbcd80acd5c3793a30418f6676467c2ce60,False
u2_override_s4_final,u2_override,u2_override_s4,True,eligible: deterministic current M0 price_max changes the catalogue universe,{'price_max': 120.0},120.0,50000,9794,500,,500,463,92.6,,,query:u2_override_s4_final,97aff3f7e3757314af6cbf66dd83593ebc9147bc7715b26066d967f3478d89c2,5,e8334355220be1939870607abeeb3d6195fe9b0812be8e8fea7552190bddfa19,cac0363780d41bffe4d485892d631124ca2ae6661b85a9f43f0ad3eb77e984ff,False
u2_override_s7_final,u2_override,u2_override_s7,True,eligible: deterministic current M0 price_max changes the catalogue universe,{'price_max': 120.0},120.0,50000,9794,500,,500,408,81.6,,,query:u2_override_s7_final,5cacf7c84d9c6ba6b7d91c88d424abcf6dc773e8643b5e24afb9cdc817c2e283,6,948c74550fa7d4fc30d6b0f4b2d344ee2182422f55ba82681b13d956b242c616,b848f3d128c2a498a3a620e2543936a5ce3896a4972f55bb70e1f0fae5af1300,False
u2_override_s9_final,u2_override,u2_override_s9,True,eligible: deterministic current M0 price_max changes the catalogue universe,{'price_max': 120.0},120.0,50000,9794,500,,500,427,85.4,,,query:u2_override_s9_final,9c415fbf8aaa8f725f73bf2a8f77c51ef48465fffe10d53cf153f4882d0b6142,7,5d92e3a8430e8ccbab331ffccfd2857039649ffff460fef154a06d4642a59bf6,3aa41de429f5a75fee9d6c43d217212173d8b5002c4cd36ff3544b62a3aa4ed5,False
u3_distractor_s3_final,u3_distractor,u3_distractor_s3,True,eligible: deterministic current M0 price_max changes the catalogue universe,{'price_max': 20.0},20.0,50000,4792,500,,500,440,88.0,,,query:u3_distractor_s3_final,5ccd8df745037b9d9c55a42c1b085cb3b2d83b166a1b33f839b684ffca45d868,6,83aa6d511cbae48f95d9af467cc3abfb9ccd51239c96eccebcace4284cfa0583,e104424831d01e55d1f8b91e4bf24daae462cf9d545c881587163c94369f8ffb,False
u3_distractor_s5_final,u3_distractor,u3_distractor_s5,True,eligible: deterministic current M0 price_max changes the catalogue universe,{'price_max': 120.0},120.0,50000,9794,500,,500,450,90.0,,,query:u3_distractor_s5_final,0db55d2f59735f02f7714b00d39d8e0ac906dca0d2fa27e38f470a028974ae4e,5,3993f681d746f2119cb10fa395a7539a1cf5032b295c4af0e8696e3d74828481,e089d8b18908925e86453c6bb7bd8e0020712ad811231092bf01dd8fc7dbb3a7,False
u3_distractor_s6_final,u3_distractor,u3_distractor_s6,True,eligible: deterministic current M0 price_max changes the catalogue universe,{'price_max': 120.0},120.0,50000,9794,500,,500,421,84.2,,,query:u3_distractor_s6_final,99e8122f8ce9f4e6a0a19ea7de5af795b5997f987a1ab3072fd31e7232311b2b,7,617cc1b8fbd06d3b69282d02a8a7e73f13ca83ae8ca726d0848edf77bf0d8c69,7ac2b5aa97d289c6c08874fb64d577f1864c28bfa3572bb6bd072688dfb7e4be,False
u3_distractor_s7_final,u3_distractor,u3_distractor_s7,False,identity: frozen current M0 state has no genuine hard condition,{},9999.0,50000,50000,500,,500,0,0.0,,,query:u3_distractor_s7_final,8bfe4ee0b0246c36d0ed0a90d439724c32f771ae251240c0bc82e99dfcb373eb,6,585f76171a5b75ce94c36717e48ad20bacdc9517dcf7bf3782f6eb2eab8e9be4,30a01e6def7dae84b593e52516dc3ac6f9460f491dd3fcc674454be2cb168f96,False
u3_distractor_s8_final,u3_distractor,u3_distractor_s8,False,identity: frozen current M0 state has no genuine hard condition,{},9999.0,50000,50000,500,,500,0,0.0,,,query:u3_distractor_s8_final,e45e47a1e75943d95428bd1ac033d9b1803d96aa801383eb88ec20645031aca1,6,52f3c9251dcca4c0d5734831f15571ca769c743a3ebd8de7f6d3e0316e8433c4,8f9049b2f1ab50e3907735326a1aa7fdd4f794c9a8f1ee5f9913685f5d7a80cb,False
u3_distractor_s9_final,u3_distractor,u3_distractor_s9,False,identity: frozen current M0 state has no genuine hard condition,{},9999.0,50000,50000,500,,500,0,0.0,,,query:u3_distractor_s9_final,5dc34bd2affc347053037aac6963b7b7f33e75b66886b574a6a7dfe3bf6cb541,10,baabcdaa06314c86e1030df46ae8db4ae676ea44ca30ddff7aa583aed635138a,5a42c7172379505e7789d429fe5861a57633af418dabe6d1a0aba043c6b38fed,False
u4_negative_s2_final,u4_negative,u4_negative_s2,False,identity: frozen current M0 state has no genuine hard condition,{},9999.0,50000,50000,500,,500,0,0.0,,,query:u4_negative_s2_final,d44a043b68f46f5907603c4710bfdec661f0ab6336f8c2dc098202e89747c335,5,eb16d2922a0f6aa8128506763c63cd7b204a3b725ff3f0abc58e30f155e5ed11,1d98b1d7ce95fe0fd59001f5ca31d8bb3fdf112053431dd7f334b7042aad4d82,False
u4_negative_s5_final,u4_negative,u4_negative_s5,False,identity: frozen current M0 state has no genuine hard condition,{},9999.0,50000,50000,500,,500,0,0.0,,,query:u4_negative_s5_final,fdbc6f5817984563f82273ebe7c39b691ccc780d01f39f9771b95d252048828d,5,37653b9c78a61a453475df4a7d66bc40b06d35993a8b5a5dd8abb08b833f18e8,372abd9452b1083f38e62a2936f975f1533e9cd27d32117a3aea60d929e35624,False
u4_negative_s8_final,u4_negative,u4_negative_s8,False,identity: frozen current M0 state has no genuine hard condition,{},9999.0,50000,50000,500,,500,0,0.0,,,query:u4_negative_s8_final,8f6b0e7dd72404cc62f571c6ac6556afa492b25148a959969ff9fab60432526e,6,ece90cac835034b4b382bdc0de4c48f069d744fed8fb1b5c8e4de771433afdab,390da07f9f488b26157cb7a34773e8fb224073007f9d6401f21d957cd548ad3f,False
u4_negative_s9_final,u4_negative,u4_negative_s9,False,identity: frozen current M0 state has no genuine hard condition,{},9999.0,50000,50000,500,,500,0,0.0,,,query:u4_negative_s9_final,1aeb5a7242dc0691d8ede372f865bc1f8891c2161a345e80728573cd1f1fff05,6,79353446d6bd92b091db923ed73cf3a3585feaca3c3373e42486f046a07fd008,ec32e7ff59dd0e0a7dd18eb397b73218ba7dc8ca7c55e151dc167a4323dd79ab,False
