call_attempts,call_input_tokens,call_latency_seconds,call_output_tokens,candidate_rank,candidate_top_k,confidence,evaluation_mode,expected_label,fixture_id,hard_negative_type,in_candidate_set,label_reason,memory_id,memory_polarity,memory_scope,memory_source,memory_text,portable_score,predicted_class,prediction_status,prior_projector_label,product_family,raw_cosine,reason_code,representation_sufficiency,sequence_index,session_id,split,turn_index,user_id
1,972,5.022336699999869,426,1,,0.6,judge_capability_all,IRRELEVANT,u1_stable_s5_final,easy_distractor,True,Tank-top material history has no legitimate product-discrimination role for trail shoes.,memory_b137fb62ade8f42c137be89c0c96f4104dddc3179a7927522b034d2429087c12,positive,,user,material: polyester,0.1,IRRELEVANT,judged,CROSS_DOMAIN_DISTRACTOR,footwear,0.30727472488814,scope_mismatch,ENOUGH_CONTEXT,5,u1_stable_s5,development,1,u1_stable
1,972,5.022336699999869,426,2,,0.6,judge_capability_all,PORTABLE,u1_stable_s5_final,none,True,A recurring breathable-material preference is not stated in the trail-shoe request and can discriminate among plausible shoes.,memory_0ed81e200ee4764a4b7f6ab6155973755d8cb39e424b4f6f3c70ddda299c8dc9,positive,,user,fit: breathable,0.1,IRRELEVANT,judged,USEFUL_ADDITIONAL_STEERING,footwear,0.3993397883121238,scope_mismatch,CONTEXT_LOST_DURING_MEMORY_DISTILLATION,5,u1_stable_s5,development,1,u1_stable
1,972,5.022336699999869,426,3,,0.6,judge_capability_all,PORTABLE,u1_stable_s5_final,none,True,Natural-material preference adds a legitimate unstated material preference without relying on the target.,memory_48eb8d0fbf22677872b108fb0b5a945625963c01cf215db13677f80735305ef8,positive,,user,fit: natural,0.1,IRRELEVANT,judged,USEFUL_ADDITIONAL_STEERING,footwear,0.332345585799408,scope_mismatch,CONTEXT_LOST_DURING_MEMORY_DISTILLATION,5,u1_stable_s5,development,1,u1_stable
1,972,5.022336699999869,426,4,,0.7,judge_capability_all,CONTEXTUAL,u1_stable_s5_final,nearby_non_portable,True,The narrow price came from one sandal task and is not established as portable to trail shoes.,memory_1302a2cb6e26bf90d00de3f696dfaf28d6166ae82502008e2b69ccf4204e1e9a,positive,,user,budget: at most 50,0.4,CONTEXTUAL,judged,SAME_CATEGORY_HARD_NEGATIVE,footwear,0.2280101968475349,insufficient_context,CONTEXT_LOST_DURING_MEMORY_DISTILLATION,5,u1_stable_s5,development,1,u1_stable
1,972,5.022336699999869,426,5,,0.6,judge_capability_all,CONTEXTUAL,u1_stable_s5_final,nearby_non_portable,True,A one-off sandal styling requirement should not automatically steer trail shoes.,memory_72b9f5d31e8ac5a15b50807ebc8a09d864d7ba4552440dfb313a35082f7cad00,positive,,user,style: simple,0.1,IRRELEVANT,judged,SAME_CATEGORY_HARD_NEGATIVE,footwear,0.2871509257354138,scope_mismatch,CONTEXT_LOST_DURING_MEMORY_DISTILLATION,5,u1_stable_s5,development,1,u1_stable
1,972,5.022336699999869,426,6,,0.6,judge_capability_all,CONTEXTUAL,u1_stable_s5_final,same_category,True,A named sandal construction is footwear-near but incompatible with trail running shoes.,memory_bdc7127d08aba9c7c9cbd363b1cb753dabba2217017b99ff55c3977be14ab6de,positive,,user,style: yoga sling 2,0.1,IRRELEVANT,judged,SAME_CATEGORY_HARD_NEGATIVE,footwear,0.4356646296343693,scope_mismatch,ENOUGH_CONTEXT,5,u1_stable_s5,development,1,u1_stable
1,962,3.4222310000041034,436,1,,0.6,judge_capability_all,REDUNDANT,u1_stable_s6_final,none,True,The current state already asks for breathable mesh fabric.,memory_0ed81e200ee4764a4b7f6ab6155973755d8cb39e424b4f6f3c70ddda299c8dc9,positive,,user,fit: breathable,0.2,CONTEXTUAL,judged,RELEVANT_BUT_REDUNDANT,footwear,0.39467882957547124,insufficient_context,ENOUGH_CONTEXT,6,u1_stable_s6,held_out,3,u1_stable
1,962,3.4222310000041034,436,2,,0.4,judge_capability_all,CONFLICTING,u1_stable_s6_final,nearby_non_portable,True,The current request already states an under-$120 budget; a one-off $50 sandal cap should not override it.,memory_1302a2cb6e26bf90d00de3f696dfaf28d6166ae82502008e2b69ccf4204e1e9a,positive,,user,budget: at most 50,0.1,IRRELEVANT,judged,SAME_CATEGORY_HARD_NEGATIVE,footwear,0.16237709588726223,scope_mismatch,ENOUGH_CONTEXT,6,u1_stable_s6,held_out,3,u1_stable
1,962,3.4222310000041034,436,3,,0.4,judge_capability_all,CONTEXTUAL,u1_stable_s6_final,same_category,True,A sandal-specific style is not portable to slip-on sneakers.,memory_bdc7127d08aba9c7c9cbd363b1cb753dabba2217017b99ff55c3977be14ab6de,positive,,user,style: yoga sling 2,0.1,IRRELEVANT,judged,SAME_CATEGORY_HARD_NEGATIVE,footwear,0.4209244403495869,scope_mismatch,ENOUGH_CONTEXT,6,u1_stable_s6,held_out,3,u1_stable
1,962,3.4222310000041034,436,4,,0.4,judge_capability_all,PORTABLE,u1_stable_s6_final,none,True,A prior casual-use preference adds an unstated use-context discriminator among plausible slip-ons.,memory_9a05acb2deb3f06e2a9b6e7a9617c76a131083e9be953286ea2c4bf3e3aefd76,positive,,user,use_case: casual,0.1,IRRELEVANT,judged,USEFUL_ADDITIONAL_STEERING,footwear,0.26731385511497996,scope_mismatch,CONTEXT_LOST_DURING_MEMORY_DISTILLATION,6,u1_stable_s6,held_out,3,u1_stable
1,962,3.4222310000041034,436,5,,0.6,judge_capability_all,CONFLICTING,u1_stable_s6_final,same_category,True,Synthetic trail-shoe material is nearby history that conflicts with the current breathable fabric upper.,memory_648c4a2632d8bf1ef4c79a52c4a14f26254b0dde951d71241e3cd77a9cd7aa7d,positive,shoes,user,material: synthetic,0.2,CONTEXTUAL,judged,SAME_CATEGORY_HARD_NEGATIVE,footwear,0.3571858897632543,insufficient_context,ENOUGH_CONTEXT,6,u1_stable_s6,held_out,3,u1_stable
1,962,3.4222310000041034,436,6,,0.4,judge_capability_all,CONTEXTUAL,u1_stable_s6_final,contextual_requirement,True,Trail-running use is footwear-similar but episodic and should not steer everyday slip-ons.,memory_b3f5edf3afdc3ef72f18aef5fbb471e990a1a39c5082257ba244afd9ee6d0e60,positive,shoes,user,use_case: trail running,0.1,IRRELEVANT,judged,SAME_CATEGORY_HARD_NEGATIVE,footwear,0.2909269806930511,scope_mismatch,CONTEXT_LOST_DURING_MEMORY_DISTILLATION,6,u1_stable_s6,held_out,3,u1_stable
1,942,2.7096953000000212,419,1,,0.6,judge_capability_all,REDUNDANT,u1_stable_s8_final,none,True,Breathability is closely implied by the explicit cotton composition and adds little new steering.,memory_0ed81e200ee4764a4b7f6ab6155973755d8cb39e424b4f6f3c70ddda299c8dc9,positive,,user,fit: breathable,0.2,CONTEXTUAL,judged,RELEVANT_BUT_REDUNDANT,apparel,0.3490583468060575,insufficient_context,ENOUGH_CONTEXT,8,u1_stable_s8,development,1,u1_stable
1,942,2.7096953000000212,419,2,,0.6,judge_capability_all,REDUNDANT,u1_stable_s8_final,none,True,Natural material is already substantially represented by the explicit cotton request.,memory_48eb8d0fbf22677872b108fb0b5a945625963c01cf215db13677f80735305ef8,positive,,user,fit: natural,0.2,CONTEXTUAL,judged,RELEVANT_BUT_REDUNDANT,apparel,0.29657558199467815,insufficient_context,ENOUGH_CONTEXT,8,u1_stable_s8,development,1,u1_stable
1,942,2.7096953000000212,419,3,,0.6,judge_capability_all,IRRELEVANT,u1_stable_s8_final,easy_distractor,True,A gym-bag task is a different product family and supplies no useful underwear preference.,memory_04625e0f0ca001746f0c3e017e5e203f4629bc0c1033b51aa81cdc59559711a1,positive,,user,use_case: gym,0.2,CONTEXTUAL,judged,CROSS_DOMAIN_DISTRACTOR,apparel,0.16183650609667677,insufficient_context,ENOUGH_CONTEXT,8,u1_stable_s8,development,1,u1_stable
1,942,2.7096953000000212,419,4,,0.2,judge_capability_all,PORTABLE,u1_stable_s8_final,none,True,"The current underwear request has no price constraint, so the established budget adds legitimate discrimination.",memory_190d8e8c11cee758cd3213ada6ff31b6711dbe9b49cdcf72174b187efbd91504,positive,shoes,user,budget: at most 120,0.1,IRRELEVANT,judged,USEFUL_ADDITIONAL_STEERING,apparel,0.20090351446247773,scope_mismatch,CONTEXT_LOST_DURING_MEMORY_DISTILLATION,8,u1_stable_s8,development,1,u1_stable
1,942,2.7096953000000212,419,5,,0.2,judge_capability_all,IRRELEVANT,u1_stable_s8_final,easy_distractor,True,Trail-running shoe use has no bearing on cotton underwear.,memory_b3f5edf3afdc3ef72f18aef5fbb471e990a1a39c5082257ba244afd9ee6d0e60,positive,shoes,user,use_case: trail running,0.1,IRRELEVANT,judged,CROSS_DOMAIN_DISTRACTOR,apparel,0.1728591998218122,scope_mismatch,ENOUGH_CONTEXT,8,u1_stable_s8,development,1,u1_stable
1,942,2.7096953000000212,419,6,,0.2,judge_capability_all,PORTABLE,u1_stable_s8_final,none,True,The current request omits colour and the stable neutral preference can discriminate among otherwise suitable products.,memory_fefadad6aa54a7c220373a356f0057ea98e0e5d9d5a125fea9ad7983807114d4,positive,shoes,user,color: neutral,0.1,IRRELEVANT,judged,USEFUL_ADDITIONAL_STEERING,apparel,0.24746168359583737,scope_mismatch,CONTEXT_LOST_DURING_MEMORY_DISTILLATION,8,u1_stable_s8,development,1,u1_stable
1,945,2.2969830999791157,425,1,,0.6,judge_capability_all,REDUNDANT,u1_stable_s9_final,none,True,"Cotton is explicit in the current query, making this largely redundant.",memory_0ed81e200ee4764a4b7f6ab6155973755d8cb39e424b4f6f3c70ddda299c8dc9,positive,,user,fit: breathable,0.2,CONTEXTUAL,judged,RELEVANT_BUT_REDUNDANT,apparel,0.2737752197120177,insufficient_context,ENOUGH_CONTEXT,9,u1_stable_s9,held_out,1,u1_stable
1,945,2.2969830999791157,425,2,,0.6,judge_capability_all,CONFLICTING,u1_stable_s9_final,nearby_non_portable,True,The current distressed style conflicts with carrying over a one-off simple sandal aesthetic.,memory_72b9f5d31e8ac5a15b50807ebc8a09d864d7ba4552440dfb313a35082f7cad00,positive,,user,style: simple,0.2,CONTEXTUAL,judged,SAME_CATEGORY_HARD_NEGATIVE,apparel,0.28409281069039166,insufficient_context,ENOUGH_CONTEXT,9,u1_stable_s9,held_out,1,u1_stable
1,945,2.2969830999791157,425,3,,0.6,judge_capability_all,IRRELEVANT,u1_stable_s9_final,easy_distractor,True,Gym-bag history is a different shopping sub-domain.,memory_04625e0f0ca001746f0c3e017e5e203f4629bc0c1033b51aa81cdc59559711a1,positive,,user,use_case: gym,0.2,CONTEXTUAL,judged,CROSS_DOMAIN_DISTRACTOR,apparel,0.13602331250768,insufficient_context,ENOUGH_CONTEXT,9,u1_stable_s9,held_out,1,u1_stable
1,945,2.2969830999791157,425,4,,0.4,judge_capability_all,PORTABLE,u1_stable_s9_final,none,True,"The T-shirt state has no price constraint, so the established budget remains additional and portable.",memory_190d8e8c11cee758cd3213ada6ff31b6711dbe9b49cdcf72174b187efbd91504,positive,shoes,user,budget: at most 120,0.1,IRRELEVANT,judged,USEFUL_ADDITIONAL_STEERING,apparel,0.15886195516260643,scope_mismatch,CONTEXT_LOST_DURING_MEMORY_DISTILLATION,9,u1_stable_s9,held_out,1,u1_stable
1,945,2.2969830999791157,425,5,,0.4,judge_capability_all,IRRELEVANT,u1_stable_s9_final,easy_distractor,True,Trail-shoe use is unrelated to selecting a casual band T-shirt.,memory_b3f5edf3afdc3ef72f18aef5fbb471e990a1a39c5082257ba244afd9ee6d0e60,positive,shoes,user,use_case: trail running,0.1,IRRELEVANT,judged,CROSS_DOMAIN_DISTRACTOR,apparel,0.18940086337600404,scope_mismatch,ENOUGH_CONTEXT,9,u1_stable_s9,held_out,1,u1_stable
1,945,2.2969830999791157,425,6,,0.4,judge_capability_all,REDUNDANT,u1_stable_s9_final,none,True,"The current state already names black alongside red, so neutral colour adds little new information.",memory_fefadad6aa54a7c220373a356f0057ea98e0e5d9d5a125fea9ad7983807114d4,positive,shoes,user,color: neutral,0.1,IRRELEVANT,judged,RELEVANT_BUT_REDUNDANT,apparel,0.27091062172162184,scope_mismatch,ENOUGH_CONTEXT,9,u1_stable_s9,held_out,1,u1_stable
1,876,3.237327299983008,355,1,,0.2,judge_capability_all,REDUNDANT,u2_override_s2_final,none,True,Dark/neutral colour is already explicit in the wallet request.,memory_dfe9d80324fa4e7af0856c954e745559d94c643d56fad77b69b2bb9d7205e348,positive,bags,user,color: black,0.1,IRRELEVANT,judged,RELEVANT_BUT_REDUNDANT,accessories,0.4819326525278454,scope_mismatch,ENOUGH_CONTEXT,2,u2_override_s2,development,2,u2_override
1,876,3.237327299983008,355,2,,0.2,judge_capability_all,REDUNDANT,u2_override_s2_final,none,True,Leather is explicitly requested now.,memory_901b14eb5ae14fcd579696a128d992b263c17ccdd0bebfdaa69ee2be5fa839a7,positive,bags,user,material: leather,0.1,IRRELEVANT,judged,RELEVANT_BUT_REDUNDANT,accessories,0.472649303127526,scope_mismatch,ENOUGH_CONTEXT,2,u2_override_s2,development,2,u2_override
1,876,3.237327299983008,355,3,,0.2,judge_capability_all,IRRELEVANT,u2_override_s2_final,easy_distractor,True,Sling-bag use does not discriminate among wallets.,memory_37ed835582f4f54b110ce244a176ac071dd7f38e91ada72888d50df84a0e8d6e,positive,bags,user,use_case: sling bag,0.1,IRRELEVANT,judged,CROSS_DOMAIN_DISTRACTOR,accessories,0.4257663779573133,scope_mismatch,ENOUGH_CONTEXT,2,u2_override_s2,development,2,u2_override
1,876,3.237327299983008,355,4,,0.2,judge_capability_all,IRRELEVANT,u2_override_s2_final,easy_distractor,True,Packing-cube closure history has no legitimate role in wallet selection.,memory_5f73384a9e029c3241ee62e1e22bb7c0ecf47688f92b84e082bf40941d1feb13,positive,,user,closure: double zippers,0.1,IRRELEVANT,judged,CROSS_DOMAIN_DISTRACTOR,accessories,0.4417951729876017,scope_mismatch,ENOUGH_CONTEXT,2,u2_override_s2,development,2,u2_override
1,876,3.237327299983008,355,5,,0.2,judge_capability_all,IRRELEVANT,u2_override_s2_final,easy_distractor,True,Packing-cube mesh panels are unrelated to the current wallet.,memory_e61ce1f3285af9a3d30fa470460f1f2aee343ad6028b62948a893c58fd65bd4a,positive,,user,pattern: mesh top,0.1,IRRELEVANT,judged,CROSS_DOMAIN_DISTRACTOR,accessories,0.3623323994494088,scope_mismatch,ENOUGH_CONTEXT,2,u2_override_s2,development,2,u2_override
1,869,2.326619200001005,344,1,,0.2,judge_capability_all,CONFLICTING,u2_override_s4_final,override_conflict,True,The current watch state explicitly requests green/gold-tone; old black preference should not steer it.,memory_dfe9d80324fa4e7af0856c954e745559d94c643d56fad77b69b2bb9d7205e348,positive,bags,user,color: black,0.1,IRRELEVANT,judged,SAME_CATEGORY_HARD_NEGATIVE,jewellery_accessories,0.29514153064013054,scope_mismatch,ENOUGH_CONTEXT,4,u2_override_s4,held_out,2,u2_override
1,869,2.326619200001005,344,2,,0.2,judge_capability_all,IRRELEVANT,u2_override_s4_final,easy_distractor,True,Bag-use history does not bear on watch selection.,memory_37ed835582f4f54b110ce244a176ac071dd7f38e91ada72888d50df84a0e8d6e,positive,bags,user,use_case: sling bag,0.1,IRRELEVANT,judged,CROSS_DOMAIN_DISTRACTOR,jewellery_accessories,0.21658276264521037,scope_mismatch,ENOUGH_CONTEXT,4,u2_override_s4,held_out,2,u2_override
1,869,2.326619200001005,344,3,,0.2,judge_capability_all,CONFLICTING,u2_override_s4_final,override_conflict,True,Repeated dark packing-cube colour conflicts with the current explicit watch colour.,memory_7c2365133ec9e5670112912534febc23e696d9bd875462ba153f22e28f4599ff,positive,,user,color: black,0.1,IRRELEVANT,judged,SAME_CATEGORY_HARD_NEGATIVE,jewellery_accessories,0.29514153064013054,scope_mismatch,ENOUGH_CONTEXT,4,u2_override_s4,held_out,2,u2_override
1,869,2.326619200001005,344,4,,0.2,judge_capability_all,CONFLICTING,u2_override_s4_final,nearby_non_portable,True,Leather wallet material is accessory-near but conflicts with the explicit stainless-steel watch request.,memory_c5cb30f1e38c241706742022d01bb581a780b6614fbaa1f7fdcf95fe3ee6623b,positive,,user,material: leather,0.1,IRRELEVANT,judged,SAME_CATEGORY_HARD_NEGATIVE,jewellery_accessories,0.2740995981385618,scope_mismatch,ENOUGH_CONTEXT,4,u2_override_s4,held_out,2,u2_override
1,869,2.326619200001005,344,5,,0.2,judge_capability_all,REDUNDANT,u2_override_s4_final,none,True,Simple and understated styling is already represented in the current request.,memory_76e76ca703cc5857773cec6c03a88b1029beaf1007c87b363644b029e9596a41,positive,,user,style: minimal,0.1,IRRELEVANT,judged,RELEVANT_BUT_REDUNDANT,jewellery_accessories,0.4205428653228588,scope_mismatch,ENOUGH_CONTEXT,4,u2_override_s4,held_out,2,u2_override
1,943,2.459700800012797,420,1,,0.2,judge_capability_all,CONTEXTUAL,u2_override_s7_final,contextual_requirement,True,A packing-cube double-zipper requirement is bag-near but episodic and should not steer a cinch gym sack.,memory_5f73384a9e029c3241ee62e1e22bb7c0ecf47688f92b84e082bf40941d1feb13,positive,,user,closure: double zippers,0.1,IRRELEVANT,judged,SAME_CATEGORY_HARD_NEGATIVE,bags,0.4764132801769987,scope_mismatch,CONTEXT_LOST_DURING_MEMORY_DISTILLATION,7,u2_override_s7,development,2,u2_override
1,943,2.459700800012797,420,2,,0.2,judge_capability_all,CONTEXTUAL,u2_override_s7_final,contextual_requirement,True,"Mesh identification panels were specific to packing cubes, not a portable bag preference.",memory_e61ce1f3285af9a3d30fa470460f1f2aee343ad6028b62948a893c58fd65bd4a,positive,,user,pattern: mesh top,0.1,IRRELEVANT,judged,SAME_CATEGORY_HARD_NEGATIVE,bags,0.32719557471499594,scope_mismatch,CONTEXT_LOST_DURING_MEMORY_DISTILLATION,7,u2_override_s7,development,2,u2_override
1,943,2.459700800012797,420,3,,0.2,judge_capability_all,IRRELEVANT,u2_override_s7_final,easy_distractor,True,Wallet leather does not help discriminate among gym sacks.,memory_c5cb30f1e38c241706742022d01bb581a780b6614fbaa1f7fdcf95fe3ee6623b,positive,,user,material: leather,0.1,IRRELEVANT,judged,CROSS_DOMAIN_DISTRACTOR,bags,0.31964798112983045,scope_mismatch,ENOUGH_CONTEXT,7,u2_override_s7,development,2,u2_override
1,943,2.459700800012797,420,4,,0.2,judge_capability_all,REDUNDANT,u2_override_s7_final,none,True,Understated style is explicit in the current request.,memory_76e76ca703cc5857773cec6c03a88b1029beaf1007c87b363644b029e9596a41,positive,,user,style: minimal,0.1,IRRELEVANT,judged,RELEVANT_BUT_REDUNDANT,bags,0.254622544391611,scope_mismatch,ENOUGH_CONTEXT,7,u2_override_s7,development,2,u2_override
1,943,2.459700800012797,420,5,,0.2,judge_capability_all,REDUNDANT,u2_override_s7_final,none,True,Dark/neutral colour is already explicit now.,memory_f48b124ca981e3b0a1e0f7e309f76dd7edadc1139129d7699340ffa0a787ad81,positive,,user,color: dark,0.1,IRRELEVANT,judged,RELEVANT_BUT_REDUNDANT,bags,0.30539085698938123,scope_mismatch,ENOUGH_CONTEXT,7,u2_override_s7,development,2,u2_override
1,943,2.459700800012797,420,6,,0.4,judge_capability_all,REDUNDANT,u2_override_s7_final,none,True,The current gym-sack request explicitly states the same budget.,memory_759da3bac7289fb59ef4c962b14f2a875bf8fa4812aee1de3c54825750d6b9e5,positive,watches,user,budget: at most 120,0.3,CONTEXTUAL,judged,RELEVANT_BUT_REDUNDANT,bags,0.17203532868031268,insufficient_context,ENOUGH_CONTEXT,7,u2_override_s7,development,2,u2_override
2,1984,8.394621400017058,935,1,,0.1,judge_capability_all,IRRELEVANT,u2_override_s9_final,easy_distractor,True,Bag material history is unrelated to cotton socks.,memory_901b14eb5ae14fcd579696a128d992b263c17ccdd0bebfdaa69ee2be5fa839a7,positive,bags,user,material: leather,0.0,IRRELEVANT,judged,CROSS_DOMAIN_DISTRACTOR,apparel_accessories,0.26465023030966445,scope_mismatch,ENOUGH_CONTEXT,9,u2_override_s9,held_out,1,u2_override
2,1984,8.394621400017058,935,2,,0.4,judge_capability_all,CONFLICTING,u2_override_s9_final,override_conflict,True,Understated history is overridden by the current bright sporty request.,memory_5ad99c853e33fa532a49025c1e843322d2ecd1d017525a3ea376bdd37e65da37,positive,,user,style: understated,0.2,CONTEXTUAL,judged,SAME_CATEGORY_HARD_NEGATIVE,apparel_accessories,0.24851696366904474,insufficient_context,ENOUGH_CONTEXT,9,u2_override_s9,held_out,1,u2_override
2,1984,8.394621400017058,935,3,,0.4,judge_capability_all,REDUNDANT,u2_override_s9_final,none,True,The current bright sporty sock request explicitly repeats the same budget.,memory_759da3bac7289fb59ef4c962b14f2a875bf8fa4812aee1de3c54825750d6b9e5,positive,watches,user,budget: at most 120,0.2,CONTEXTUAL,judged,RELEVANT_BUT_REDUNDANT,apparel_accessories,0.18054798631136626,insufficient_context,ENOUGH_CONTEXT,9,u2_override_s9,held_out,1,u2_override
2,1984,8.394621400017058,935,4,,0.4,judge_capability_all,CONFLICTING,u2_override_s9_final,override_conflict,True,Minimal style conflicts with the current explicitly sporty colourful intent.,memory_f08980487e12d03ff4a9576ca128ae308c8f7255cfe83b0e338c08ebcf914d23,positive,,user,style: minimal,0.2,CONTEXTUAL,judged,SAME_CATEGORY_HARD_NEGATIVE,apparel_accessories,0.24369238211373667,insufficient_context,ENOUGH_CONTEXT,9,u2_override_s9,held_out,1,u2_override
2,1984,8.394621400017058,935,5,,0.4,judge_capability_all,CONFLICTING,u2_override_s9_final,override_conflict,True,A classic watch aesthetic should not steer bright sporty socks.,memory_e48712816bd9bcac6e74f4d785b385a30fb778360b06c36296612036f283462c,positive,watches,user,style: classic,0.2,CONTEXTUAL,judged,SAME_CATEGORY_HARD_NEGATIVE,apparel_accessories,0.2644670871753803,insufficient_context,ENOUGH_CONTEXT,9,u2_override_s9,held_out,1,u2_override
2,1984,8.394621400017058,935,6,,0.4,judge_capability_all,IRRELEVANT,u2_override_s9_final,easy_distractor,True,Packing-cube closure history is unrelated to socks.,memory_5604f48f7cbc7eef9bfab5bbb86771b86737603e740600eb877870812bd67b1e,positive,,user,closure: double zippers,0.2,CONTEXTUAL,judged,CROSS_DOMAIN_DISTRACTOR,apparel_accessories,0.27409174026792826,insufficient_context,ENOUGH_CONTEXT,9,u2_override_s9,held_out,1,u2_override
2,1984,8.394621400017058,935,7,,0.4,judge_capability_all,CONFLICTING,u2_override_s9_final,override_conflict,True,Black conflicts with the current explicitly bright and colourful request.,memory_128cec5118039f800554a96aa6db7cedba6ffb9c4da09b1ce795bb30f6bcbe55,positive,,user,color: black,0.2,CONTEXTUAL,judged,SAME_CATEGORY_HARD_NEGATIVE,apparel_accessories,0.292550710290031,insufficient_context,ENOUGH_CONTEXT,9,u2_override_s9,held_out,1,u2_override
1,930,3.1027082999935374,421,1,,0.6,judge_capability_all,CONTEXTUAL,u3_distractor_s3_final,nearby_non_portable,True,High waist came from biker shorts and is not requested for the current underwear.,memory_613966167f4861d85f28c4a760333a81269195d13eb2a99e1c3523eb2fcd39e7,positive,,user,fit: high-waisted,0.2,CONTEXTUAL,judged,SAME_CATEGORY_HARD_NEGATIVE,apparel,0.37089639773340577,insufficient_context,CONTEXT_LOST_DURING_MEMORY_DISTILLATION,3,u3_distractor_s3,development,7,u3_distractor
1,930,3.1027082999935374,421,2,,0.4,judge_capability_all,CONTEXTUAL,u3_distractor_s3_final,contextual_requirement,True,Polyester was required for one office shirt and should not steer cotton underwear.,memory_7d46614ef782a741e59c2cb6a4169517b82da0aefe382e1939c9e82b541adaa4,positive,,user,material: polyester,0.1,IRRELEVANT,judged,SAME_CATEGORY_HARD_NEGATIVE,apparel,0.3452295023202242,scope_mismatch,CONTEXT_LOST_DURING_MEMORY_DISTILLATION,3,u3_distractor_s3,development,7,u3_distractor
1,930,3.1027082999935374,421,3,,0.4,judge_capability_all,CONTEXTUAL,u3_distractor_s3_final,contextual_requirement,True,Office-shirt flannel styling is apparel-near but not portable to underwear.,memory_b09c3cec58a94c2a3c9806fef48fd2193851d85ad59c75925850ed69f3f7df30,positive,,user,style: flannel,0.1,IRRELEVANT,judged,SAME_CATEGORY_HARD_NEGATIVE,apparel,0.2842757712410491,scope_mismatch,CONTEXT_LOST_DURING_MEMORY_DISTILLATION,3,u3_distractor_s3,development,7,u3_distractor
1,930,3.1027082999935374,421,4,,0.4,judge_capability_all,CONTEXTUAL,u3_distractor_s3_final,contextual_requirement,True,Secure pockets were an episodic legging requirement.,memory_568314a9bdc9198abf7f81f36709b569a00155c27514a8d5cdb475adadcbc6af,positive,a specific pair that,user,feature: secure pockets,0.1,IRRELEVANT,judged,SAME_CATEGORY_HARD_NEGATIVE,apparel,0.2948024090535231,scope_mismatch,ENOUGH_CONTEXT,3,u3_distractor_s3,development,7,u3_distractor
1,930,3.1027082999935374,421,5,,0.4,judge_capability_all,CONTEXTUAL,u3_distractor_s3_final,contextual_requirement,True,Compression was specific to a gym session and should not steer ordinary underwear.,memory_7805ecfa0caf62337567e0a902e0816f8bac49099e51c8dbfb134bc2ef942e38,positive,a specific pair that,user,fit: compression,0.1,IRRELEVANT,judged,SAME_CATEGORY_HARD_NEGATIVE,apparel,0.36413579281623126,scope_mismatch,ENOUGH_CONTEXT,3,u3_distractor_s3,development,7,u3_distractor
1,930,3.1027082999935374,421,6,,0.4,judge_capability_all,CONTEXTUAL,u3_distractor_s3_final,contextual_requirement,True,Gym-session context should not automatically carry to the underwear request.,memory_136842d835ec2f2b69490aa07c6250230c7544de5b523df2f53e38ec48641da2,positive,a specific pair that,user,use_case: gym,0.1,IRRELEVANT,judged,SAME_CATEGORY_HARD_NEGATIVE,apparel,0.1497490228856144,scope_mismatch,ENOUGH_CONTEXT,3,u3_distractor_s3,development,7,u3_distractor
1,882,1.9978897999972105,353,1,,0.9,judge_capability_all,IRRELEVANT,u3_distractor_s5_final,easy_distractor,True,Office-shirt styling is unrelated to footwear.,memory_b09c3cec58a94c2a3c9806fef48fd2193851d85ad59c75925850ed69f3f7df30,positive,,user,style: flannel,0.1,IRRELEVANT,judged,CROSS_DOMAIN_DISTRACTOR,footwear,0.2814799013548878,scope_mismatch,ENOUGH_CONTEXT,5,u3_distractor_s5,held_out,3,u3_distractor
1,882,1.9978897999972105,353,2,,0.9,judge_capability_all,IRRELEVANT,u3_distractor_s5_final,easy_distractor,True,Compression-legging fit does not discriminate among shoes.,memory_7805ecfa0caf62337567e0a902e0816f8bac49099e51c8dbfb134bc2ef942e38,positive,a specific pair that,user,fit: compression,0.1,IRRELEVANT,judged,CROSS_DOMAIN_DISTRACTOR,footwear,0.3665792593975513,scope_mismatch,ENOUGH_CONTEXT,5,u3_distractor_s5,held_out,3,u3_distractor
1,882,1.9978897999972105,353,3,,0.9,judge_capability_all,CONTEXTUAL,u3_distractor_s5_final,nearby_non_portable,True,"A $20 underwear cap is not portable to shoes, and the current query already states a broader budget.",memory_c1d37c87c62d3a32cc16284c92836d970d9156e3dec1c3479488612e70fcf87f,positive,,user,budget: at most 20,0.1,IRRELEVANT,judged,SAME_CATEGORY_HARD_NEGATIVE,footwear,0.20405566919295742,scope_mismatch,CONTEXT_LOST_DURING_MEMORY_DISTILLATION,5,u3_distractor_s5,held_out,3,u3_distractor
1,882,1.9978897999972105,353,4,,0.9,judge_capability_all,REDUNDANT,u3_distractor_s5_final,none,True,Breathability is explicitly stated in the current shoe request.,memory_60013ec74ecab24103477ccf4ea1d1c701b650c02c01a228d3e88314e9b32d10,positive,,user,style: breathable,0.1,IRRELEVANT,judged,RELEVANT_BUT_REDUNDANT,footwear,0.5438652407492606,scope_mismatch,ENOUGH_CONTEXT,5,u3_distractor_s5,held_out,3,u3_distractor
1,882,1.9978897999972105,353,5,,0.9,judge_capability_all,IRRELEVANT,u3_distractor_s5_final,easy_distractor,True,A hooded rain-jacket requirement is unrelated to shoes.,memory_b21cacfd6515e3243c20eae2eccb4090f3aa6c942be8083328d0d75857e2d3d9,positive,,user,style: hooded,0.1,IRRELEVANT,judged,CROSS_DOMAIN_DISTRACTOR,footwear,0.28654555543886495,scope_mismatch,ENOUGH_CONTEXT,5,u3_distractor_s5,held_out,3,u3_distractor
1,993,2.881417299999157,476,1,,0.1,judge_capability_all,CONTEXTUAL,u3_distractor_s6_final,contextual_requirement,True,Office flannel styling is nearby clothing history but non-portable to eveningwear.,memory_b09c3cec58a94c2a3c9806fef48fd2193851d85ad59c75925850ed69f3f7df30,positive,,user,style: flannel,0.0,IRRELEVANT,judged,SAME_CATEGORY_HARD_NEGATIVE,apparel,0.3104940197251421,scope_mismatch,CONTEXT_LOST_DURING_MEMORY_DISTILLATION,6,u3_distractor_s6,development,4,u3_distractor
1,993,2.881417299999157,476,2,,0.1,judge_capability_all,CONTEXTUAL,u3_distractor_s6_final,contextual_requirement,True,Gym compression is episodic and should not steer an evening gown.,memory_7805ecfa0caf62337567e0a902e0816f8bac49099e51c8dbfb134bc2ef942e38,positive,a specific pair that,user,fit: compression,0.0,IRRELEVANT,judged,SAME_CATEGORY_HARD_NEGATIVE,apparel,0.26855007868493264,scope_mismatch,ENOUGH_CONTEXT,6,u3_distractor_s6,development,4,u3_distractor
1,993,2.881417299999157,476,3,,0.1,judge_capability_all,CONTEXTUAL,u3_distractor_s6_final,nearby_non_portable,True,A narrow underwear budget should not replace the current explicit under-$120 gown budget.,memory_c1d37c87c62d3a32cc16284c92836d970d9156e3dec1c3479488612e70fcf87f,positive,,user,budget: at most 20,0.0,IRRELEVANT,judged,SAME_CATEGORY_HARD_NEGATIVE,apparel,0.2313653545888787,scope_mismatch,CONTEXT_LOST_DURING_MEMORY_DISTILLATION,6,u3_distractor_s6,development,4,u3_distractor
1,993,2.881417299999157,476,4,,0.1,judge_capability_all,PORTABLE,u3_distractor_s6_final,none,True,The persistent breathable preference is unstated in the formal gown request and can discriminate among plausible gowns.,memory_60013ec74ecab24103477ccf4ea1d1c701b650c02c01a228d3e88314e9b32d10,positive,,user,style: breathable,0.0,IRRELEVANT,judged,USEFUL_ADDITIONAL_STEERING,apparel,0.29098506221611264,scope_mismatch,CONTEXT_LOST_DURING_MEMORY_DISTILLATION,6,u3_distractor_s6,development,4,u3_distractor
1,993,2.881417299999157,476,5,,0.1,judge_capability_all,CONTEXTUAL,u3_distractor_s6_final,contextual_requirement,True,A hooded rainwear feature is clothing-near but conflicts with a formal gown.,memory_b21cacfd6515e3243c20eae2eccb4090f3aa6c942be8083328d0d75857e2d3d9,positive,,user,style: hooded,0.0,IRRELEVANT,judged,SAME_CATEGORY_HARD_NEGATIVE,apparel,0.3168376084708788,scope_mismatch,CONTEXT_LOST_DURING_MEMORY_DISTILLATION,6,u3_distractor_s6,development,4,u3_distractor
1,993,2.881417299999157,476,6,,0.1,judge_capability_all,CONTEXTUAL,u3_distractor_s6_final,contextual_requirement,True,Rainy-hike context should not steer formal dinnerwear.,memory_b3f9906f63b20797ce908b10a12a987f81a62b5296129d55353cbd1ba7358899,positive,,user,use_case: hiking,0.0,IRRELEVANT,judged,SAME_CATEGORY_HARD_NEGATIVE,apparel,0.15749384036903047,scope_mismatch,CONTEXT_LOST_DURING_MEMORY_DISTILLATION,6,u3_distractor_s6,development,4,u3_distractor
1,993,2.881417299999157,476,7,,0.1,judge_capability_all,IRRELEVANT,u3_distractor_s6_final,easy_distractor,True,Shoe-sole history is unrelated to gown selection.,memory_5cda589c37d453f61d2eb210aee4ab073a6ddbc8bf4629343d27619ea3cb94ab,positive,shoes,user,sole: rubber,0.0,IRRELEVANT,judged,CROSS_DOMAIN_DISTRACTOR,apparel,0.22345316444410623,scope_mismatch,ENOUGH_CONTEXT,6,u3_distractor_s6,development,4,u3_distractor
1,943,3.6190141000261065,419,1,,0.2,judge_capability_all,CONTEXTUAL,u3_distractor_s7_final,nearby_non_portable,True,Office-shirt flannel is work-context-adjacent but non-portable to cargo pants.,memory_b09c3cec58a94c2a3c9806fef48fd2193851d85ad59c75925850ed69f3f7df30,positive,,user,style: flannel,0.1,IRRELEVANT,judged,SAME_CATEGORY_HARD_NEGATIVE,apparel,0.39058757357424106,scope_mismatch,CONTEXT_LOST_DURING_MEMORY_DISTILLATION,7,u3_distractor_s7,held_out,1,u3_distractor
1,943,3.6190141000261065,419,2,,0.2,judge_capability_all,CONTEXTUAL,u3_distractor_s7_final,contextual_requirement,True,Gym compression should not steer cargo work pants.,memory_7805ecfa0caf62337567e0a902e0816f8bac49099e51c8dbfb134bc2ef942e38,positive,a specific pair that,user,fit: compression,0.1,IRRELEVANT,judged,SAME_CATEGORY_HARD_NEGATIVE,apparel,0.3907835714164055,scope_mismatch,ENOUGH_CONTEXT,7,u3_distractor_s7,held_out,1,u3_distractor
1,943,3.6190141000261065,419,3,,0.9,judge_capability_all,REDUNDANT,u3_distractor_s7_final,none,True,The current message already states the usual breathable preference before prioritising storage.,memory_60013ec74ecab24103477ccf4ea1d1c701b650c02c01a228d3e88314e9b32d10,positive,,user,style: breathable,0.9,PORTABLE,judged,RELEVANT_BUT_REDUNDANT,apparel,0.44610490082927867,persistent_preference,ENOUGH_CONTEXT,7,u3_distractor_s7,held_out,1,u3_distractor
1,943,3.6190141000261065,419,4,,0.2,judge_capability_all,CONTEXTUAL,u3_distractor_s7_final,contextual_requirement,True,A rain-jacket hood is an episodic clothing feature.,memory_b21cacfd6515e3243c20eae2eccb4090f3aa6c942be8083328d0d75857e2d3d9,positive,,user,style: hooded,0.1,IRRELEVANT,judged,SAME_CATEGORY_HARD_NEGATIVE,apparel,0.3605593668090446,scope_mismatch,CONTEXT_LOST_DURING_MEMORY_DISTILLATION,7,u3_distractor_s7,held_out,1,u3_distractor
1,943,3.6190141000261065,419,5,,0.2,judge_capability_all,PORTABLE,u3_distractor_s7_final,none,True,The cargo-pants request has no price constraint; the established budget adds legitimate discrimination.,memory_15efd52c6253dddd3462efc0c31635c7dbf46b6691aa6dd12f4cd8691f887452,positive,shoes,user,budget: at most 120,0.1,IRRELEVANT,judged,USEFUL_ADDITIONAL_STEERING,apparel,0.22772725162399476,scope_mismatch,CONTEXT_LOST_DURING_MEMORY_DISTILLATION,7,u3_distractor_s7,held_out,1,u3_distractor
1,943,3.6190141000261065,419,6,,0.2,judge_capability_all,CONTEXTUAL,u3_distractor_s7_final,contextual_requirement,True,Dressy eveningwear style should not carry to work cargo pants.,memory_e720f6f085766c182bf0013e35b20eb1a6518e875716d87d2094656e86b2e7a5,positive,,user,style: dressy,0.1,IRRELEVANT,judged,SAME_CATEGORY_HARD_NEGATIVE,apparel,0.40739099954502167,scope_mismatch,CONTEXT_LOST_DURING_MEMORY_DISTILLATION,7,u3_distractor_s7,held_out,1,u3_distractor
1,944,3.1965408999822102,414,1,,0.6,judge_capability_all,IRRELEVANT,u3_distractor_s8_final,easy_distractor,True,Compression-legging fit is a different product family.,memory_7805ecfa0caf62337567e0a902e0816f8bac49099e51c8dbfb134bc2ef942e38,positive,a specific pair that,user,fit: compression,0.2,CONTEXTUAL,judged,CROSS_DOMAIN_DISTRACTOR,footwear,0.2200916560010595,episode_specific,ENOUGH_CONTEXT,8,u3_distractor_s8,development,8,u3_distractor
1,944,3.1965408999822102,414,2,,0.4,judge_capability_all,IRRELEVANT,u3_distractor_s8_final,easy_distractor,True,A jacket hood does not discriminate among boots.,memory_b21cacfd6515e3243c20eae2eccb4090f3aa6c942be8083328d0d75857e2d3d9,positive,,user,style: hooded,0.1,IRRELEVANT,judged,CROSS_DOMAIN_DISTRACTOR,footwear,0.3256007487390174,scope_mismatch,ENOUGH_CONTEXT,8,u3_distractor_s8,development,8,u3_distractor
1,944,3.1965408999822102,414,3,,0.4,judge_capability_all,PORTABLE,u3_distractor_s8_final,none,True,"The winter-boot request omits price, so the established budget adds legitimate selection information.",memory_15efd52c6253dddd3462efc0c31635c7dbf46b6691aa6dd12f4cd8691f887452,positive,shoes,user,budget: at most 120,0.1,IRRELEVANT,judged,USEFUL_ADDITIONAL_STEERING,footwear,0.155212415664657,scope_mismatch,CONTEXT_LOST_DURING_MEMORY_DISTILLATION,8,u3_distractor_s8,development,8,u3_distractor
1,944,3.1965408999822102,414,4,,0.4,judge_capability_all,PORTABLE,u3_distractor_s8_final,none,True,Breathability is an unstated portable footwear comfort preference compatible with comparing insulated boots.,memory_c967c109733561ea2882f5d74bc12dd5f16dfa6ecb36b827ee5bf92872afae18,positive,shoes,user,material: breathable,0.1,IRRELEVANT,judged,USEFUL_ADDITIONAL_STEERING,footwear,0.31193548374606217,scope_mismatch,CONTEXT_LOST_DURING_MEMORY_DISTILLATION,8,u3_distractor_s8,development,8,u3_distractor
1,944,3.1965408999822102,414,5,,0.4,judge_capability_all,REDUNDANT,u3_distractor_s8_final,none,True,Rubber sole is already explicit in the current boot state.,memory_5cda589c37d453f61d2eb210aee4ab073a6ddbc8bf4629343d27619ea3cb94ab,positive,shoes,user,sole: rubber,0.1,IRRELEVANT,judged,RELEVANT_BUT_REDUNDANT,footwear,0.3835059472703241,scope_mismatch,ENOUGH_CONTEXT,8,u3_distractor_s8,development,8,u3_distractor
1,944,3.1965408999822102,414,6,,0.4,judge_capability_all,IRRELEVANT,u3_distractor_s8_final,easy_distractor,True,Evening-gown style is unrelated to winter boots.,memory_e720f6f085766c182bf0013e35b20eb1a6518e875716d87d2094656e86b2e7a5,positive,,user,style: dressy,0.1,IRRELEVANT,judged,CROSS_DOMAIN_DISTRACTOR,footwear,0.27661795419206314,scope_mismatch,ENOUGH_CONTEXT,8,u3_distractor_s8,development,8,u3_distractor
1,1173,4.2539025000005495,694,1,,0.2,judge_capability_all,CONTEXTUAL,u3_distractor_s9_final,nearby_non_portable,True,Office-shirt flannel styling is apparel-near but not useful for the current tee.,memory_b09c3cec58a94c2a3c9806fef48fd2193851d85ad59c75925850ed69f3f7df30,positive,,user,style: flannel,0.1,IRRELEVANT,judged,SAME_CATEGORY_HARD_NEGATIVE,apparel,0.38376900943635595,scope_mismatch,CONTEXT_LOST_DURING_MEMORY_DISTILLATION,9,u3_distractor_s9,held_out,1,u3_distractor
1,1173,4.2539025000005495,694,2,,0.2,judge_capability_all,CONTEXTUAL,u3_distractor_s9_final,contextual_requirement,True,Secure pockets were episodic gym-legging history.,memory_568314a9bdc9198abf7f81f36709b569a00155c27514a8d5cdb475adadcbc6af,positive,a specific pair that,user,feature: secure pockets,0.1,IRRELEVANT,judged,SAME_CATEGORY_HARD_NEGATIVE,apparel,0.22961639602425654,scope_mismatch,ENOUGH_CONTEXT,9,u3_distractor_s9,held_out,1,u3_distractor
1,1173,4.2539025000005495,694,3,,0.2,judge_capability_all,CONTEXTUAL,u3_distractor_s9_final,contextual_requirement,True,Compression was a gym-legging requirement and should not steer a casual tee.,memory_7805ecfa0caf62337567e0a902e0816f8bac49099e51c8dbfb134bc2ef942e38,positive,a specific pair that,user,fit: compression,0.1,IRRELEVANT,judged,SAME_CATEGORY_HARD_NEGATIVE,apparel,0.3596416695788031,scope_mismatch,ENOUGH_CONTEXT,9,u3_distractor_s9,held_out,1,u3_distractor
1,1173,4.2539025000005495,694,4,,0.2,judge_capability_all,CONTEXTUAL,u3_distractor_s9_final,contextual_requirement,True,A hooded rainwear requirement is clothing-near but non-portable to a short-sleeve tee.,memory_b21cacfd6515e3243c20eae2eccb4090f3aa6c942be8083328d0d75857e2d3d9,positive,,user,style: hooded,0.1,IRRELEVANT,judged,SAME_CATEGORY_HARD_NEGATIVE,apparel,0.3707359982216513,scope_mismatch,CONTEXT_LOST_DURING_MEMORY_DISTILLATION,9,u3_distractor_s9,held_out,1,u3_distractor
1,1173,4.2539025000005495,694,5,,0.2,judge_capability_all,CONTEXTUAL,u3_distractor_s9_final,contextual_requirement,True,Rainy-hike context should not steer the casual tee.,memory_b3f9906f63b20797ce908b10a12a987f81a62b5296129d55353cbd1ba7358899,positive,,user,use_case: hiking,0.1,IRRELEVANT,judged,SAME_CATEGORY_HARD_NEGATIVE,apparel,0.13139642149509453,scope_mismatch,CONTEXT_LOST_DURING_MEMORY_DISTILLATION,9,u3_distractor_s9,held_out,1,u3_distractor
1,1173,4.2539025000005495,694,6,,0.2,judge_capability_all,PORTABLE,u3_distractor_s9_final,none,True,"The casual tee state has no price constraint, so the stable budget is additional and target-independent.",memory_15efd52c6253dddd3462efc0c31635c7dbf46b6691aa6dd12f4cd8691f887452,positive,shoes,user,budget: at most 120,0.1,IRRELEVANT,judged,USEFUL_ADDITIONAL_STEERING,apparel,0.14402996184024164,scope_mismatch,CONTEXT_LOST_DURING_MEMORY_DISTILLATION,9,u3_distractor_s9,held_out,1,u3_distractor
1,1173,4.2539025000005495,694,7,,0.2,judge_capability_all,PORTABLE,u3_distractor_s9_final,none,True,Breathability is a persistent unstated preference that can discriminate among rayon/spandex tees.,memory_c967c109733561ea2882f5d74bc12dd5f16dfa6ecb36b827ee5bf92872afae18,positive,shoes,user,material: breathable,0.1,IRRELEVANT,judged,USEFUL_ADDITIONAL_STEERING,apparel,0.3004292105303358,scope_mismatch,CONTEXT_LOST_DURING_MEMORY_DISTILLATION,9,u3_distractor_s9,held_out,1,u3_distractor
1,1173,4.2539025000005495,694,8,,0.2,judge_capability_all,CONTEXTUAL,u3_distractor_s9_final,contextual_requirement,True,Formal eveningwear style should not steer casual apparel.,memory_e720f6f085766c182bf0013e35b20eb1a6518e875716d87d2094656e86b2e7a5,positive,,user,style: dressy,0.1,IRRELEVANT,judged,SAME_CATEGORY_HARD_NEGATIVE,apparel,0.4120421869717399,scope_mismatch,CONTEXT_LOST_DURING_MEMORY_DISTILLATION,9,u3_distractor_s9,held_out,1,u3_distractor
1,1173,4.2539025000005495,694,9,,0.2,judge_capability_all,CONTEXTUAL,u3_distractor_s9_final,contextual_requirement,True,Cargo storage was a one-off work requirement.,memory_14a5f960e539d759c2ad1507c497d7abc25169da178c9a6c1f20215b1cb094b6,positive,,user,pockets: lots,0.1,IRRELEVANT,judged,SAME_CATEGORY_HARD_NEGATIVE,apparel,0.25989159831322,scope_mismatch,CONTEXT_LOST_DURING_MEMORY_DISTILLATION,9,u3_distractor_s9,held_out,1,u3_distractor
1,1173,4.2539025000005495,694,10,,0.2,judge_capability_all,CONTEXTUAL,u3_distractor_s9_final,nearby_non_portable,True,Recent winter-boot insulation is semantically strong but should not steer a warm-weather-style tee.,memory_cbf0b3a88f8a66317a98692e948dacc8ffedefe382aa7027f8ea11cf17ec2d12,positive,something waterproof and insulated,user,insulation: insulated,0.1,IRRELEVANT,judged,CROSS_DOMAIN_DISTRACTOR,apparel,0.181547338644972,scope_mismatch,CONTEXT_LOST_DURING_MEMORY_DISTILLATION,9,u3_distractor_s9,held_out,1,u3_distractor
1,874,2.9694911999977194,337,1,,0.9,judge_capability_all,REDUNDANT,u4_negative_s2_final,none,True,Cotton is explicit in the slipper request.,memory_f680ea67ad5b981c287875f1df9e2cc23321b330361800aceb5469db6a871995,positive,,user,material: cotton,0.9,PORTABLE,judged,RELEVANT_BUT_REDUNDANT,footwear,0.5215679667559793,persistent_preference,ENOUGH_CONTEXT,2,u4_negative_s2,development,1,u4_negative
1,874,2.9694911999977194,337,2,,0.2,judge_capability_all,IRRELEVANT,u4_negative_s2_final,easy_distractor,True,Nightgown use is unrelated to slippers.,memory_b561c910b756ce0c81f46b1fba2cadda6e4f31150474d3c2cd62277ffcc5d76c,positive,,user,use_case: nightgown,0.1,IRRELEVANT,judged,CROSS_DOMAIN_DISTRACTOR,footwear,0.37473065631692964,scope_mismatch,ENOUGH_CONTEXT,2,u4_negative_s2,development,1,u4_negative
1,874,2.9694911999977194,337,3,,0.8,judge_capability_all,PORTABLE,u4_negative_s2_final,none,True,"Avoiding wool can legitimately discriminate among slippers, but negative-polarity memories are excluded from the primary task.",memory_ae00bb499df641878e972ef842249e8c378a5e54482b21fd0a439fb132b4b1cc,negative,,user,avoid: wool,0.8,PORTABLE,judged,USEFUL_ADDITIONAL_STEERING,footwear,0.3221071443822737,persistent_preference,CONTEXT_LOST_DURING_MEMORY_DISTILLATION,2,u4_negative_s2,development,1,u4_negative
1,874,2.9694911999977194,337,4,,0.9,judge_capability_all,REDUNDANT,u4_negative_s2_final,none,True,Cotton composition is already explicit and the exact underwear blend is not portable.,memory_a5546292009666c457e5a0e30b9fc8d8cc5293dbe20f23df122cf345da955526,positive,,user,"material: 95% cotton, 5% spandex",0.9,PORTABLE,judged,RELEVANT_BUT_REDUNDANT,footwear,0.5041375489793836,persistent_preference,ENOUGH_CONTEXT,2,u4_negative_s2,development,1,u4_negative
1,874,2.9694911999977194,337,5,,0.2,judge_capability_all,PORTABLE,u4_negative_s2_final,none,True,The reinforced negative preference is relevant but analyzed only in the negative-polarity stratum.,memory_9e5c85799cef1d2e551c886a777dcdc0d18865adb944de3dc27b6253ae9fa139,negative,,user,avoid: wool,0.1,IRRELEVANT,judged,USEFUL_ADDITIONAL_STEERING,footwear,0.3221071443822737,scope_mismatch,CONTEXT_LOST_DURING_MEMORY_DISTILLATION,2,u4_negative_s2,development,1,u4_negative
1,880,2.4425155999779236,350,1,,0.2,judge_capability_all,IRRELEVANT,u4_negative_s5_final,none,True,"Valid negative preference, but wool is not a plausible discriminator for this nylon/spandex bikini state; excluded from primary by polarity.",memory_ae00bb499df641878e972ef842249e8c378a5e54482b21fd0a439fb132b4b1cc,negative,,user,avoid: wool,0.1,IRRELEVANT,judged,IRRELEVANT,swimwear,0.2490678314857562,scope_mismatch,ENOUGH_CONTEXT,5,u4_negative_s5,held_out,1,u4_negative
1,880,2.4425155999779236,350,2,,0.6,judge_capability_all,CONFLICTING,u4_negative_s5_final,same_category,True,Underwear composition is apparel-near but conflicts with the explicit nylon/spandex swimwear request.,memory_a5546292009666c457e5a0e30b9fc8d8cc5293dbe20f23df122cf345da955526,positive,,user,"material: 95% cotton, 5% spandex",0.4,CONTEXTUAL,judged,SAME_CATEGORY_HARD_NEGATIVE,swimwear,0.4343469400849878,insufficient_context,ENOUGH_CONTEXT,5,u4_negative_s5,held_out,1,u4_negative
1,880,2.4425155999779236,350,3,,0.2,judge_capability_all,IRRELEVANT,u4_negative_s5_final,easy_distractor,True,Slipper history is a different product family.,memory_7cb08ad41cbbc79a206b4087a0bbc9147f3b389d6fc8f4e351b5fbc06201ff6e,positive,slippers,user,category: slippers,0.1,IRRELEVANT,judged,CROSS_DOMAIN_DISTRACTOR,swimwear,0.2491930325927042,scope_mismatch,ENOUGH_CONTEXT,5,u4_negative_s5,held_out,1,u4_negative
1,880,2.4425155999779236,350,4,,0.2,judge_capability_all,PORTABLE,u4_negative_s5_final,none,True,"Avoiding polyester may discriminate among synthetic swimwear, but remains a separate negative-polarity analysis.",memory_bbb10b14db0c894d3719c9be5220623694320e638cae9abe0afe4bc1433c5337,negative,,user,avoid: polyester,0.1,IRRELEVANT,judged,USEFUL_ADDITIONAL_STEERING,swimwear,0.35693401286732185,scope_mismatch,CONTEXT_LOST_DURING_MEMORY_DISTILLATION,5,u4_negative_s5,held_out,1,u4_negative
1,880,2.4425155999779236,350,5,,0.2,judge_capability_all,CONFLICTING,u4_negative_s5_final,same_category,True,Cotton underwear history should not override the current nylon bikini request.,memory_7c927b8a2b93778ecc637768bf66e94062a716e3302cc70c6ee978d59f883b9f,positive,,user,material: cotton,0.1,IRRELEVANT,judged,SAME_CATEGORY_HARD_NEGATIVE,swimwear,0.33835064167250983,scope_mismatch,ENOUGH_CONTEXT,5,u4_negative_s5,held_out,1,u4_negative
1,936,2.993484599981457,417,1,,0.9,judge_capability_all,PORTABLE,u4_negative_s8_final,none,True,A no-wool preference could affect watch straps but is kept in the separate negative-polarity analysis.,memory_ae00bb499df641878e972ef842249e8c378a5e54482b21fd0a439fb132b4b1cc,negative,,user,avoid: wool,0.1,REDUNDANT,judged,USEFUL_ADDITIONAL_STEERING,jewellery_accessories,0.28716759719237167,already_explicit,CONTEXT_LOST_DURING_MEMORY_DISTILLATION,8,u4_negative_s8,development,1,u4_negative
1,936,2.993484599981457,417,2,,0.9,judge_capability_all,IRRELEVANT,u4_negative_s8_final,none,True,Polyester-heavy clothing avoidance has little bearing on a leather-band watch and is excluded from primary by polarity.,memory_bbb10b14db0c894d3719c9be5220623694320e638cae9abe0afe4bc1433c5337,negative,,user,avoid: polyester,0.1,REDUNDANT,judged,IRRELEVANT,jewellery_accessories,0.2849965001455125,already_explicit,ENOUGH_CONTEXT,8,u4_negative_s8,development,1,u4_negative
1,936,2.993484599981457,417,3,,0.9,judge_capability_all,CONTEXTUAL,u4_negative_s8_final,nearby_non_portable,True,A black wallet preference is accessory-near but not established as portable to watches.,memory_1c644c863ab9f04e6b8b7745ddad8089aebe77d3108f977d75e0a5c836efa4ad,positive,,user,color: black,0.9,PORTABLE,judged,SAME_CATEGORY_HARD_NEGATIVE,jewellery_accessories,0.3202735580873197,persistent_preference,CONTEXT_LOST_DURING_MEMORY_DISTILLATION,8,u4_negative_s8,development,1,u4_negative
1,936,2.993484599981457,417,4,,0.9,judge_capability_all,CONTEXTUAL,u4_negative_s8_final,nearby_non_portable,True,Minimal wallet style is nearby but not a demonstrated persistent watch preference.,memory_cae1839185cd53eb267b2691069cac20ba711917c82a0c16f554e1fa335c5467,positive,,user,style: minimalistic,0.1,REDUNDANT,judged,SAME_CATEGORY_HARD_NEGATIVE,jewellery_accessories,0.3065636706568904,already_explicit,CONTEXT_LOST_DURING_MEMORY_DISTILLATION,8,u4_negative_s8,development,1,u4_negative
1,936,2.993484599981457,417,5,,0.9,judge_capability_all,PORTABLE,u4_negative_s8_final,none,True,"Avoiding neon can discriminate among watch aesthetics, but negative steering is not supported in this phase.",memory_f339c0c6d3caa1ee26f4e37c1db5a9cac37965c10bab06bfc673f0cc5ca11de2,negative,,user,avoid: neon,0.1,REDUNDANT,judged,USEFUL_ADDITIONAL_STEERING,jewellery_accessories,0.16578998473025697,already_explicit,CONTEXT_LOST_DURING_MEMORY_DISTILLATION,8,u4_negative_s8,development,1,u4_negative
1,936,2.993484599981457,417,6,,0.9,judge_capability_all,IRRELEVANT,u4_negative_s8_final,easy_distractor,True,Crossbody bag style is unrelated to watches.,memory_2d4757e5165dba298cd7e2fa06eaba4a57b4c8cc3a92a9f43d5215eb6d7187cf,positive,,user,style: crossbody,0.1,REDUNDANT,judged,CROSS_DOMAIN_DISTRACTOR,jewellery_accessories,0.3739883270685837,already_explicit,ENOUGH_CONTEXT,8,u4_negative_s8,development,1,u4_negative
1,925,3.1210644000093453,414,1,,0.6,judge_capability_all,PORTABLE,u4_negative_s9_final,none,True,Avoiding wool can legitimately constrain T-shirt blends but is analyzed separately due to negative polarity.,memory_ae00bb499df641878e972ef842249e8c378a5e54482b21fd0a439fb132b4b1cc,negative,,user,avoid: wool,0.2,CONTEXTUAL,judged,USEFUL_ADDITIONAL_STEERING,apparel,0.22983379026555995,insufficient_context,CONTEXT_LOST_DURING_MEMORY_DISTILLATION,9,u4_negative_s9,held_out,3,u4_negative
1,925,3.1210644000093453,414,2,,0.6,judge_capability_all,PORTABLE,u4_negative_s9_final,none,True,Avoiding polyester-heavy clothing is relevant to T-shirts but excluded from primary projection evidence.,memory_bbb10b14db0c894d3719c9be5220623694320e638cae9abe0afe4bc1433c5337,negative,,user,avoid: polyester,0.2,CONTEXTUAL,judged,USEFUL_ADDITIONAL_STEERING,apparel,0.24201928797477987,insufficient_context,CONTEXT_LOST_DURING_MEMORY_DISTILLATION,9,u4_negative_s9,held_out,3,u4_negative
1,925,3.1210644000093453,414,3,,0.9,judge_capability_all,REDUNDANT,u4_negative_s9_final,none,True,Black is already explicit in the current T-shirt state.,memory_1c644c863ab9f04e6b8b7745ddad8089aebe77d3108f977d75e0a5c836efa4ad,positive,,user,color: black,0.9,PORTABLE,judged,RELEVANT_BUT_REDUNDANT,apparel,0.39986403127501824,persistent_preference,ENOUGH_CONTEXT,9,u4_negative_s9,held_out,3,u4_negative
1,925,3.1210644000093453,414,4,,0.6,judge_capability_all,CONFLICTING,u4_negative_s9_final,override_conflict,True,Minimal wallet history conflicts with the current distressed band-shirt style.,memory_cae1839185cd53eb267b2691069cac20ba711917c82a0c16f554e1fa335c5467,positive,,user,style: minimalistic,0.2,CONTEXTUAL,judged,SAME_CATEGORY_HARD_NEGATIVE,apparel,0.26039619995936286,insufficient_context,ENOUGH_CONTEXT,9,u4_negative_s9,held_out,3,u4_negative
1,925,3.1210644000093453,414,5,,0.6,judge_capability_all,PORTABLE,u4_negative_s9_final,none,True,The no-neon preference can refine red/black choices but remains a separate negative-polarity diagnostic.,memory_f339c0c6d3caa1ee26f4e37c1db5a9cac37965c10bab06bfc673f0cc5ca11de2,negative,,user,avoid: neon,0.2,CONTEXTUAL,judged,USEFUL_ADDITIONAL_STEERING,apparel,0.1889840512703434,insufficient_context,CONTEXT_LOST_DURING_MEMORY_DISTILLATION,9,u4_negative_s9,held_out,3,u4_negative
1,925,3.1210644000093453,414,6,,0.6,judge_capability_all,IRRELEVANT,u4_negative_s9_final,easy_distractor,True,Bag leather is unrelated to a cotton T-shirt.,memory_563e57974ddab5ac807d9c153a1681f96b1d0f7ec1ffc5e488fcdcccfa5f32d5,positive,,user,material: soft leather,0.2,CONTEXTUAL,judged,CROSS_DOMAIN_DISTRACTOR,apparel,0.27702795997506946,insufficient_context,ENOUGH_CONTEXT,9,u4_negative_s9,held_out,3,u4_negative
1,972,2.9922062999976333,423,4,10,0.2,deployable_cosine_top10,IRRELEVANT,u1_stable_s5_final,easy_distractor,True,Tank-top material history has no legitimate product-discrimination role for trail shoes.,memory_b137fb62ade8f42c137be89c0c96f4104dddc3179a7927522b034d2429087c12,positive,,user,material: polyester,0.1,IRRELEVANT,judged,CROSS_DOMAIN_DISTRACTOR,footwear,0.30727472488814,scope_mismatch,ENOUGH_CONTEXT,5,u1_stable_s5,development,1,u1_stable
1,972,2.9922062999976333,423,2,10,0.2,deployable_cosine_top10,PORTABLE,u1_stable_s5_final,none,True,A recurring breathable-material preference is not stated in the trail-shoe request and can discriminate among plausible shoes.,memory_0ed81e200ee4764a4b7f6ab6155973755d8cb39e424b4f6f3c70ddda299c8dc9,positive,,user,fit: breathable,0.1,IRRELEVANT,judged,USEFUL_ADDITIONAL_STEERING,footwear,0.3993397883121238,scope_mismatch,CONTEXT_LOST_DURING_MEMORY_DISTILLATION,5,u1_stable_s5,development,1,u1_stable
1,972,2.9922062999976333,423,3,10,0.2,deployable_cosine_top10,PORTABLE,u1_stable_s5_final,none,True,Natural-material preference adds a legitimate unstated material preference without relying on the target.,memory_48eb8d0fbf22677872b108fb0b5a945625963c01cf215db13677f80735305ef8,positive,,user,fit: natural,0.1,IRRELEVANT,judged,USEFUL_ADDITIONAL_STEERING,footwear,0.332345585799408,scope_mismatch,CONTEXT_LOST_DURING_MEMORY_DISTILLATION,5,u1_stable_s5,development,1,u1_stable
1,972,2.9922062999976333,423,6,10,0.2,deployable_cosine_top10,CONTEXTUAL,u1_stable_s5_final,nearby_non_portable,True,The narrow price came from one sandal task and is not established as portable to trail shoes.,memory_1302a2cb6e26bf90d00de3f696dfaf28d6166ae82502008e2b69ccf4204e1e9a,positive,,user,budget: at most 50,0.1,IRRELEVANT,judged,SAME_CATEGORY_HARD_NEGATIVE,footwear,0.2280101968475349,scope_mismatch,CONTEXT_LOST_DURING_MEMORY_DISTILLATION,5,u1_stable_s5,development,1,u1_stable
1,972,2.9922062999976333,423,5,10,0.2,deployable_cosine_top10,CONTEXTUAL,u1_stable_s5_final,nearby_non_portable,True,A one-off sandal styling requirement should not automatically steer trail shoes.,memory_72b9f5d31e8ac5a15b50807ebc8a09d864d7ba4552440dfb313a35082f7cad00,positive,,user,style: simple,0.1,IRRELEVANT,judged,SAME_CATEGORY_HARD_NEGATIVE,footwear,0.2871509257354138,scope_mismatch,CONTEXT_LOST_DURING_MEMORY_DISTILLATION,5,u1_stable_s5,development,1,u1_stable
1,972,2.9922062999976333,423,1,10,0.2,deployable_cosine_top10,CONTEXTUAL,u1_stable_s5_final,same_category,True,A named sandal construction is footwear-near but incompatible with trail running shoes.,memory_bdc7127d08aba9c7c9cbd363b1cb753dabba2217017b99ff55c3977be14ab6de,positive,,user,style: yoga sling 2,0.1,IRRELEVANT,judged,SAME_CATEGORY_HARD_NEGATIVE,footwear,0.4356646296343693,scope_mismatch,ENOUGH_CONTEXT,5,u1_stable_s5,development,1,u1_stable
1,839,2.035780699981842,291,2,10,0.9,deployable_cosine_top10,REDUNDANT,u1_stable_s6_final,none,True,The current state already asks for breathable mesh fabric.,memory_0ed81e200ee4764a4b7f6ab6155973755d8cb39e424b4f6f3c70ddda299c8dc9,positive,,user,fit: breathable,0.9,REDUNDANT,judged,RELEVANT_BUT_REDUNDANT,footwear,0.39467882957547124,already_explicit,ENOUGH_CONTEXT,6,u1_stable_s6,held_out,3,u1_stable
1,839,2.035780699981842,291,4,10,0.2,deployable_cosine_top10,CONFLICTING,u1_stable_s6_final,nearby_non_portable,True,The current request already states an under-$120 budget; a one-off $50 sandal cap should not override it.,memory_1302a2cb6e26bf90d00de3f696dfaf28d6166ae82502008e2b69ccf4204e1e9a,positive,,user,budget: at most 50,0.1,IRRELEVANT,judged,SAME_CATEGORY_HARD_NEGATIVE,footwear,0.16237709588726223,scope_mismatch,ENOUGH_CONTEXT,6,u1_stable_s6,held_out,3,u1_stable
1,839,2.035780699981842,291,1,10,0.2,deployable_cosine_top10,CONTEXTUAL,u1_stable_s6_final,same_category,True,A sandal-specific style is not portable to slip-on sneakers.,memory_bdc7127d08aba9c7c9cbd363b1cb753dabba2217017b99ff55c3977be14ab6de,positive,,user,style: yoga sling 2,0.1,IRRELEVANT,judged,SAME_CATEGORY_HARD_NEGATIVE,footwear,0.4209244403495869,scope_mismatch,ENOUGH_CONTEXT,6,u1_stable_s6,held_out,3,u1_stable
1,839,2.035780699981842,291,3,10,0.8,deployable_cosine_top10,PORTABLE,u1_stable_s6_final,none,True,A prior casual-use preference adds an unstated use-context discriminator among plausible slip-ons.,memory_9a05acb2deb3f06e2a9b6e7a9617c76a131083e9be953286ea2c4bf3e3aefd76,positive,,user,use_case: casual,0.8,REDUNDANT,judged,USEFUL_ADDITIONAL_STEERING,footwear,0.26731385511497996,already_explicit,CONTEXT_LOST_DURING_MEMORY_DISTILLATION,6,u1_stable_s6,held_out,3,u1_stable
,,,,,10,0.0,deployable_cosine_top10,CONFLICTING,u1_stable_s6_final,same_category,False,Synthetic trail-shoe material is nearby history that conflicts with the current breathable fabric upper.,memory_648c4a2632d8bf1ef4c79a52c4a14f26254b0dde951d71241e3cd77a9cd7aa7d,positive,shoes,user,material: synthetic,0.0,IRRELEVANT,not_retrieved,SAME_CATEGORY_HARD_NEGATIVE,footwear,0.3571858897632543,candidate_not_retrieved,ENOUGH_CONTEXT,6,u1_stable_s6,held_out,3,u1_stable
,,,,,10,0.0,deployable_cosine_top10,CONTEXTUAL,u1_stable_s6_final,contextual_requirement,False,Trail-running use is footwear-similar but episodic and should not steer everyday slip-ons.,memory_b3f5edf3afdc3ef72f18aef5fbb471e990a1a39c5082257ba244afd9ee6d0e60,positive,shoes,user,use_case: trail running,0.0,IRRELEVANT,not_retrieved,SAME_CATEGORY_HARD_NEGATIVE,footwear,0.2909269806930511,candidate_not_retrieved,CONTEXT_LOST_DURING_MEMORY_DISTILLATION,6,u1_stable_s6,held_out,3,u1_stable
1,765,1.745240999996895,211,1,10,0.6,deployable_cosine_top10,REDUNDANT,u1_stable_s8_final,none,True,Breathability is closely implied by the explicit cotton composition and adds little new steering.,memory_0ed81e200ee4764a4b7f6ab6155973755d8cb39e424b4f6f3c70ddda299c8dc9,positive,,user,fit: breathable,0.2,CONTEXTUAL,judged,RELEVANT_BUT_REDUNDANT,apparel,0.3490583468060575,insufficient_context,ENOUGH_CONTEXT,8,u1_stable_s8,development,1,u1_stable
1,765,1.745240999996895,211,2,10,0.6,deployable_cosine_top10,REDUNDANT,u1_stable_s8_final,none,True,Natural material is already substantially represented by the explicit cotton request.,memory_48eb8d0fbf22677872b108fb0b5a945625963c01cf215db13677f80735305ef8,positive,,user,fit: natural,0.2,CONTEXTUAL,judged,RELEVANT_BUT_REDUNDANT,apparel,0.29657558199467815,insufficient_context,ENOUGH_CONTEXT,8,u1_stable_s8,development,1,u1_stable
1,765,1.745240999996895,211,3,10,0.6,deployable_cosine_top10,IRRELEVANT,u1_stable_s8_final,easy_distractor,True,A gym-bag task is a different product family and supplies no useful underwear preference.,memory_04625e0f0ca001746f0c3e017e5e203f4629bc0c1033b51aa81cdc59559711a1,positive,,user,use_case: gym,0.2,CONTEXTUAL,judged,CROSS_DOMAIN_DISTRACTOR,apparel,0.16183650609667677,insufficient_context,ENOUGH_CONTEXT,8,u1_stable_s8,development,1,u1_stable
,,,,,10,0.0,deployable_cosine_top10,PORTABLE,u1_stable_s8_final,none,False,"The current underwear request has no price constraint, so the established budget adds legitimate discrimination.",memory_190d8e8c11cee758cd3213ada6ff31b6711dbe9b49cdcf72174b187efbd91504,positive,shoes,user,budget: at most 120,0.0,IRRELEVANT,not_retrieved,USEFUL_ADDITIONAL_STEERING,apparel,0.20090351446247773,candidate_not_retrieved,CONTEXT_LOST_DURING_MEMORY_DISTILLATION,8,u1_stable_s8,development,1,u1_stable
,,,,,10,0.0,deployable_cosine_top10,IRRELEVANT,u1_stable_s8_final,easy_distractor,False,Trail-running shoe use has no bearing on cotton underwear.,memory_b3f5edf3afdc3ef72f18aef5fbb471e990a1a39c5082257ba244afd9ee6d0e60,positive,shoes,user,use_case: trail running,0.0,IRRELEVANT,not_retrieved,CROSS_DOMAIN_DISTRACTOR,apparel,0.1728591998218122,candidate_not_retrieved,ENOUGH_CONTEXT,8,u1_stable_s8,development,1,u1_stable
,,,,,10,0.0,deployable_cosine_top10,PORTABLE,u1_stable_s8_final,none,False,The current request omits colour and the stable neutral preference can discriminate among otherwise suitable products.,memory_fefadad6aa54a7c220373a356f0057ea98e0e5d9d5a125fea9ad7983807114d4,positive,shoes,user,color: neutral,0.0,IRRELEVANT,not_retrieved,USEFUL_ADDITIONAL_STEERING,apparel,0.24746168359583737,candidate_not_retrieved,CONTEXT_LOST_DURING_MEMORY_DISTILLATION,8,u1_stable_s8,development,1,u1_stable
1,768,2.275185100006638,214,2,10,0.6,deployable_cosine_top10,REDUNDANT,u1_stable_s9_final,none,True,"Cotton is explicit in the current query, making this largely redundant.",memory_0ed81e200ee4764a4b7f6ab6155973755d8cb39e424b4f6f3c70ddda299c8dc9,positive,,user,fit: breathable,0.2,CONTEXTUAL,judged,RELEVANT_BUT_REDUNDANT,apparel,0.2737752197120177,episode_specific,ENOUGH_CONTEXT,9,u1_stable_s9,held_out,1,u1_stable
1,768,2.275185100006638,214,1,10,0.6,deployable_cosine_top10,CONFLICTING,u1_stable_s9_final,nearby_non_portable,True,The current distressed style conflicts with carrying over a one-off simple sandal aesthetic.,memory_72b9f5d31e8ac5a15b50807ebc8a09d864d7ba4552440dfb313a35082f7cad00,positive,,user,style: simple,0.2,CONTEXTUAL,judged,SAME_CATEGORY_HARD_NEGATIVE,apparel,0.28409281069039166,episode_specific,ENOUGH_CONTEXT,9,u1_stable_s9,held_out,1,u1_stable
1,768,2.275185100006638,214,3,10,0.6,deployable_cosine_top10,IRRELEVANT,u1_stable_s9_final,easy_distractor,True,Gym-bag history is a different shopping sub-domain.,memory_04625e0f0ca001746f0c3e017e5e203f4629bc0c1033b51aa81cdc59559711a1,positive,,user,use_case: gym,0.2,CONTEXTUAL,judged,CROSS_DOMAIN_DISTRACTOR,apparel,0.13602331250768,episode_specific,ENOUGH_CONTEXT,9,u1_stable_s9,held_out,1,u1_stable
,,,,,10,0.0,deployable_cosine_top10,PORTABLE,u1_stable_s9_final,none,False,"The T-shirt state has no price constraint, so the established budget remains additional and portable.",memory_190d8e8c11cee758cd3213ada6ff31b6711dbe9b49cdcf72174b187efbd91504,positive,shoes,user,budget: at most 120,0.0,IRRELEVANT,not_retrieved,USEFUL_ADDITIONAL_STEERING,apparel,0.15886195516260643,candidate_not_retrieved,CONTEXT_LOST_DURING_MEMORY_DISTILLATION,9,u1_stable_s9,held_out,1,u1_stable
,,,,,10,0.0,deployable_cosine_top10,IRRELEVANT,u1_stable_s9_final,easy_distractor,False,Trail-shoe use is unrelated to selecting a casual band T-shirt.,memory_b3f5edf3afdc3ef72f18aef5fbb471e990a1a39c5082257ba244afd9ee6d0e60,positive,shoes,user,use_case: trail running,0.0,IRRELEVANT,not_retrieved,CROSS_DOMAIN_DISTRACTOR,apparel,0.18940086337600404,candidate_not_retrieved,ENOUGH_CONTEXT,9,u1_stable_s9,held_out,1,u1_stable
,,,,,10,0.0,deployable_cosine_top10,REDUNDANT,u1_stable_s9_final,none,False,"The current state already names black alongside red, so neutral colour adds little new information.",memory_fefadad6aa54a7c220373a356f0057ea98e0e5d9d5a125fea9ad7983807114d4,positive,shoes,user,color: neutral,0.0,IRRELEVANT,not_retrieved,RELEVANT_BUT_REDUNDANT,apparel,0.27091062172162184,candidate_not_retrieved,ENOUGH_CONTEXT,9,u1_stable_s9,held_out,1,u1_stable
,,,,,10,0.0,deployable_cosine_top10,REDUNDANT,u2_override_s2_final,none,False,Dark/neutral colour is already explicit in the wallet request.,memory_dfe9d80324fa4e7af0856c954e745559d94c643d56fad77b69b2bb9d7205e348,positive,bags,user,color: black,0.0,IRRELEVANT,not_retrieved,RELEVANT_BUT_REDUNDANT,accessories,0.4819326525278454,candidate_not_retrieved,ENOUGH_CONTEXT,2,u2_override_s2,development,2,u2_override
,,,,,10,0.0,deployable_cosine_top10,REDUNDANT,u2_override_s2_final,none,False,Leather is explicitly requested now.,memory_901b14eb5ae14fcd579696a128d992b263c17ccdd0bebfdaa69ee2be5fa839a7,positive,bags,user,material: leather,0.0,IRRELEVANT,not_retrieved,RELEVANT_BUT_REDUNDANT,accessories,0.472649303127526,candidate_not_retrieved,ENOUGH_CONTEXT,2,u2_override_s2,development,2,u2_override
,,,,,10,0.0,deployable_cosine_top10,IRRELEVANT,u2_override_s2_final,easy_distractor,False,Sling-bag use does not discriminate among wallets.,memory_37ed835582f4f54b110ce244a176ac071dd7f38e91ada72888d50df84a0e8d6e,positive,bags,user,use_case: sling bag,0.0,IRRELEVANT,not_retrieved,CROSS_DOMAIN_DISTRACTOR,accessories,0.4257663779573133,candidate_not_retrieved,ENOUGH_CONTEXT,2,u2_override_s2,development,2,u2_override
1,708,1.9788888999901246,146,1,10,0.2,deployable_cosine_top10,IRRELEVANT,u2_override_s2_final,easy_distractor,True,Packing-cube closure history has no legitimate role in wallet selection.,memory_5f73384a9e029c3241ee62e1e22bb7c0ecf47688f92b84e082bf40941d1feb13,positive,,user,closure: double zippers,0.1,IRRELEVANT,judged,CROSS_DOMAIN_DISTRACTOR,accessories,0.4417951729876017,scope_mismatch,ENOUGH_CONTEXT,2,u2_override_s2,development,2,u2_override
1,708,1.9788888999901246,146,2,10,0.2,deployable_cosine_top10,IRRELEVANT,u2_override_s2_final,easy_distractor,True,Packing-cube mesh panels are unrelated to the current wallet.,memory_e61ce1f3285af9a3d30fa470460f1f2aee343ad6028b62948a893c58fd65bd4a,positive,,user,pattern: mesh top,0.1,IRRELEVANT,judged,CROSS_DOMAIN_DISTRACTOR,accessories,0.3623323994494088,scope_mismatch,ENOUGH_CONTEXT,2,u2_override_s2,development,2,u2_override
,,,,,10,0.0,deployable_cosine_top10,CONFLICTING,u2_override_s4_final,override_conflict,False,The current watch state explicitly requests green/gold-tone; old black preference should not steer it.,memory_dfe9d80324fa4e7af0856c954e745559d94c643d56fad77b69b2bb9d7205e348,positive,bags,user,color: black,0.0,IRRELEVANT,not_retrieved,SAME_CATEGORY_HARD_NEGATIVE,jewellery_accessories,0.29514153064013054,candidate_not_retrieved,ENOUGH_CONTEXT,4,u2_override_s4,held_out,2,u2_override
,,,,,10,0.0,deployable_cosine_top10,IRRELEVANT,u2_override_s4_final,easy_distractor,False,Bag-use history does not bear on watch selection.,memory_37ed835582f4f54b110ce244a176ac071dd7f38e91ada72888d50df84a0e8d6e,positive,bags,user,use_case: sling bag,0.0,IRRELEVANT,not_retrieved,CROSS_DOMAIN_DISTRACTOR,jewellery_accessories,0.21658276264521037,candidate_not_retrieved,ENOUGH_CONTEXT,4,u2_override_s4,held_out,2,u2_override
1,755,2.678343900013715,206,2,10,0.9,deployable_cosine_top10,CONFLICTING,u2_override_s4_final,override_conflict,True,Repeated dark packing-cube colour conflicts with the current explicit watch colour.,memory_7c2365133ec9e5670112912534febc23e696d9bd875462ba153f22e28f4599ff,positive,,user,color: black,0.1,IRRELEVANT,judged,SAME_CATEGORY_HARD_NEGATIVE,jewellery_accessories,0.29514153064013054,scope_mismatch,ENOUGH_CONTEXT,4,u2_override_s4,held_out,2,u2_override
1,755,2.678343900013715,206,3,10,0.9,deployable_cosine_top10,CONFLICTING,u2_override_s4_final,nearby_non_portable,True,Leather wallet material is accessory-near but conflicts with the explicit stainless-steel watch request.,memory_c5cb30f1e38c241706742022d01bb581a780b6614fbaa1f7fdcf95fe3ee6623b,positive,,user,material: leather,0.1,IRRELEVANT,judged,SAME_CATEGORY_HARD_NEGATIVE,jewellery_accessories,0.2740995981385618,scope_mismatch,ENOUGH_CONTEXT,4,u2_override_s4,held_out,2,u2_override
1,755,2.678343900013715,206,1,10,0.9,deployable_cosine_top10,REDUNDANT,u2_override_s4_final,none,True,Simple and understated styling is already represented in the current request.,memory_76e76ca703cc5857773cec6c03a88b1029beaf1007c87b363644b029e9596a41,positive,,user,style: minimal,0.1,IRRELEVANT,judged,RELEVANT_BUT_REDUNDANT,jewellery_accessories,0.4205428653228588,scope_mismatch,ENOUGH_CONTEXT,4,u2_override_s4,held_out,2,u2_override
1,881,2.324179399991408,350,1,10,0.2,deployable_cosine_top10,CONTEXTUAL,u2_override_s7_final,contextual_requirement,True,A packing-cube double-zipper requirement is bag-near but episodic and should not steer a cinch gym sack.,memory_5f73384a9e029c3241ee62e1e22bb7c0ecf47688f92b84e082bf40941d1feb13,positive,,user,closure: double zippers,0.1,IRRELEVANT,judged,SAME_CATEGORY_HARD_NEGATIVE,bags,0.4764132801769987,scope_mismatch,CONTEXT_LOST_DURING_MEMORY_DISTILLATION,7,u2_override_s7,development,2,u2_override
1,881,2.324179399991408,350,2,10,0.2,deployable_cosine_top10,CONTEXTUAL,u2_override_s7_final,contextual_requirement,True,"Mesh identification panels were specific to packing cubes, not a portable bag preference.",memory_e61ce1f3285af9a3d30fa470460f1f2aee343ad6028b62948a893c58fd65bd4a,positive,,user,pattern: mesh top,0.1,IRRELEVANT,judged,SAME_CATEGORY_HARD_NEGATIVE,bags,0.32719557471499594,scope_mismatch,CONTEXT_LOST_DURING_MEMORY_DISTILLATION,7,u2_override_s7,development,2,u2_override
1,881,2.324179399991408,350,3,10,0.2,deployable_cosine_top10,IRRELEVANT,u2_override_s7_final,easy_distractor,True,Wallet leather does not help discriminate among gym sacks.,memory_c5cb30f1e38c241706742022d01bb581a780b6614fbaa1f7fdcf95fe3ee6623b,positive,,user,material: leather,0.1,IRRELEVANT,judged,CROSS_DOMAIN_DISTRACTOR,bags,0.31964798112983045,scope_mismatch,ENOUGH_CONTEXT,7,u2_override_s7,development,2,u2_override
1,881,2.324179399991408,350,5,10,0.2,deployable_cosine_top10,REDUNDANT,u2_override_s7_final,none,True,Understated style is explicit in the current request.,memory_76e76ca703cc5857773cec6c03a88b1029beaf1007c87b363644b029e9596a41,positive,,user,style: minimal,0.1,IRRELEVANT,judged,RELEVANT_BUT_REDUNDANT,bags,0.254622544391611,scope_mismatch,ENOUGH_CONTEXT,7,u2_override_s7,development,2,u2_override
1,881,2.324179399991408,350,4,10,0.2,deployable_cosine_top10,REDUNDANT,u2_override_s7_final,none,True,Dark/neutral colour is already explicit now.,memory_f48b124ca981e3b0a1e0f7e309f76dd7edadc1139129d7699340ffa0a787ad81,positive,,user,color: dark,0.1,IRRELEVANT,judged,RELEVANT_BUT_REDUNDANT,bags,0.30539085698938123,scope_mismatch,ENOUGH_CONTEXT,7,u2_override_s7,development,2,u2_override
,,,,,10,0.0,deployable_cosine_top10,REDUNDANT,u2_override_s7_final,none,False,The current gym-sack request explicitly states the same budget.,memory_759da3bac7289fb59ef4c962b14f2a875bf8fa4812aee1de3c54825750d6b9e5,positive,watches,user,budget: at most 120,0.0,IRRELEVANT,not_retrieved,RELEVANT_BUT_REDUNDANT,bags,0.17203532868031268,candidate_not_retrieved,ENOUGH_CONTEXT,7,u2_override_s7,development,2,u2_override
,,,,,10,0.0,deployable_cosine_top10,IRRELEVANT,u2_override_s9_final,easy_distractor,False,Bag material history is unrelated to cotton socks.,memory_901b14eb5ae14fcd579696a128d992b263c17ccdd0bebfdaa69ee2be5fa839a7,positive,bags,user,material: leather,0.0,IRRELEVANT,not_retrieved,CROSS_DOMAIN_DISTRACTOR,apparel_accessories,0.26465023030966445,candidate_not_retrieved,ENOUGH_CONTEXT,9,u2_override_s9,held_out,1,u2_override
1,823,2.047573799995007,269,3,10,0.6,deployable_cosine_top10,CONFLICTING,u2_override_s9_final,override_conflict,True,Understated history is overridden by the current bright sporty request.,memory_5ad99c853e33fa532a49025c1e843322d2ecd1d017525a3ea376bdd37e65da37,positive,,user,style: understated,0.2,CONTEXTUAL,judged,SAME_CATEGORY_HARD_NEGATIVE,apparel_accessories,0.24851696366904474,insufficient_context,ENOUGH_CONTEXT,9,u2_override_s9,held_out,1,u2_override
,,,,,10,0.0,deployable_cosine_top10,REDUNDANT,u2_override_s9_final,none,False,The current bright sporty sock request explicitly repeats the same budget.,memory_759da3bac7289fb59ef4c962b14f2a875bf8fa4812aee1de3c54825750d6b9e5,positive,watches,user,budget: at most 120,0.0,IRRELEVANT,not_retrieved,RELEVANT_BUT_REDUNDANT,apparel_accessories,0.18054798631136626,candidate_not_retrieved,ENOUGH_CONTEXT,9,u2_override_s9,held_out,1,u2_override
1,823,2.047573799995007,269,4,10,0.6,deployable_cosine_top10,CONFLICTING,u2_override_s9_final,override_conflict,True,Minimal style conflicts with the current explicitly sporty colourful intent.,memory_f08980487e12d03ff4a9576ca128ae308c8f7255cfe83b0e338c08ebcf914d23,positive,,user,style: minimal,0.2,CONTEXTUAL,judged,SAME_CATEGORY_HARD_NEGATIVE,apparel_accessories,0.24369238211373667,insufficient_context,ENOUGH_CONTEXT,9,u2_override_s9,held_out,1,u2_override
,,,,,10,0.0,deployable_cosine_top10,CONFLICTING,u2_override_s9_final,override_conflict,False,A classic watch aesthetic should not steer bright sporty socks.,memory_e48712816bd9bcac6e74f4d785b385a30fb778360b06c36296612036f283462c,positive,watches,user,style: classic,0.0,IRRELEVANT,not_retrieved,SAME_CATEGORY_HARD_NEGATIVE,apparel_accessories,0.2644670871753803,candidate_not_retrieved,ENOUGH_CONTEXT,9,u2_override_s9,held_out,1,u2_override
1,823,2.047573799995007,269,2,10,0.6,deployable_cosine_top10,IRRELEVANT,u2_override_s9_final,easy_distractor,True,Packing-cube closure history is unrelated to socks.,memory_5604f48f7cbc7eef9bfab5bbb86771b86737603e740600eb877870812bd67b1e,positive,,user,closure: double zippers,0.2,CONTEXTUAL,judged,CROSS_DOMAIN_DISTRACTOR,apparel_accessories,0.27409174026792826,insufficient_context,ENOUGH_CONTEXT,9,u2_override_s9,held_out,1,u2_override
1,823,2.047573799995007,269,1,10,0.6,deployable_cosine_top10,CONFLICTING,u2_override_s9_final,override_conflict,True,Black conflicts with the current explicitly bright and colourful request.,memory_128cec5118039f800554a96aa6db7cedba6ffb9c4da09b1ce795bb30f6bcbe55,positive,,user,color: black,0.2,CONTEXTUAL,judged,SAME_CATEGORY_HARD_NEGATIVE,apparel_accessories,0.292550710290031,insufficient_context,ENOUGH_CONTEXT,9,u2_override_s9,held_out,1,u2_override
1,754,2.0162442000000738,213,1,10,0.6,deployable_cosine_top10,CONTEXTUAL,u3_distractor_s3_final,nearby_non_portable,True,High waist came from biker shorts and is not requested for the current underwear.,memory_613966167f4861d85f28c4a760333a81269195d13eb2a99e1c3523eb2fcd39e7,positive,,user,fit: high-waisted,0.2,CONTEXTUAL,judged,SAME_CATEGORY_HARD_NEGATIVE,apparel,0.37089639773340577,insufficient_context,CONTEXT_LOST_DURING_MEMORY_DISTILLATION,3,u3_distractor_s3,development,7,u3_distractor
1,754,2.0162442000000738,213,2,10,0.4,deployable_cosine_top10,CONTEXTUAL,u3_distractor_s3_final,contextual_requirement,True,Polyester was required for one office shirt and should not steer cotton underwear.,memory_7d46614ef782a741e59c2cb6a4169517b82da0aefe382e1939c9e82b541adaa4,positive,,user,material: polyester,0.1,IRRELEVANT,judged,SAME_CATEGORY_HARD_NEGATIVE,apparel,0.3452295023202242,scope_mismatch,CONTEXT_LOST_DURING_MEMORY_DISTILLATION,3,u3_distractor_s3,development,7,u3_distractor
1,754,2.0162442000000738,213,3,10,0.4,deployable_cosine_top10,CONTEXTUAL,u3_distractor_s3_final,contextual_requirement,True,Office-shirt flannel styling is apparel-near but not portable to underwear.,memory_b09c3cec58a94c2a3c9806fef48fd2193851d85ad59c75925850ed69f3f7df30,positive,,user,style: flannel,0.1,IRRELEVANT,judged,SAME_CATEGORY_HARD_NEGATIVE,apparel,0.2842757712410491,scope_mismatch,CONTEXT_LOST_DURING_MEMORY_DISTILLATION,3,u3_distractor_s3,development,7,u3_distractor
,,,,,10,0.0,deployable_cosine_top10,CONTEXTUAL,u3_distractor_s3_final,contextual_requirement,False,Secure pockets were an episodic legging requirement.,memory_568314a9bdc9198abf7f81f36709b569a00155c27514a8d5cdb475adadcbc6af,positive,a specific pair that,user,feature: secure pockets,0.0,IRRELEVANT,not_retrieved,SAME_CATEGORY_HARD_NEGATIVE,apparel,0.2948024090535231,candidate_not_retrieved,ENOUGH_CONTEXT,3,u3_distractor_s3,development,7,u3_distractor
,,,,,10,0.0,deployable_cosine_top10,CONTEXTUAL,u3_distractor_s3_final,contextual_requirement,False,Compression was specific to a gym session and should not steer ordinary underwear.,memory_7805ecfa0caf62337567e0a902e0816f8bac49099e51c8dbfb134bc2ef942e38,positive,a specific pair that,user,fit: compression,0.0,IRRELEVANT,not_retrieved,SAME_CATEGORY_HARD_NEGATIVE,apparel,0.36413579281623126,candidate_not_retrieved,ENOUGH_CONTEXT,3,u3_distractor_s3,development,7,u3_distractor
,,,,,10,0.0,deployable_cosine_top10,CONTEXTUAL,u3_distractor_s3_final,contextual_requirement,False,Gym-session context should not automatically carry to the underwear request.,memory_136842d835ec2f2b69490aa07c6250230c7544de5b523df2f53e38ec48641da2,positive,a specific pair that,user,use_case: gym,0.0,IRRELEVANT,not_retrieved,SAME_CATEGORY_HARD_NEGATIVE,apparel,0.1497490228856144,candidate_not_retrieved,ENOUGH_CONTEXT,3,u3_distractor_s3,development,7,u3_distractor
1,825,2.9673797999857925,286,3,10,0.6,deployable_cosine_top10,IRRELEVANT,u3_distractor_s5_final,easy_distractor,True,Office-shirt styling is unrelated to footwear.,memory_b09c3cec58a94c2a3c9806fef48fd2193851d85ad59c75925850ed69f3f7df30,positive,,user,style: flannel,0.1,IRRELEVANT,judged,CROSS_DOMAIN_DISTRACTOR,footwear,0.2814799013548878,scope_mismatch,ENOUGH_CONTEXT,5,u3_distractor_s5,held_out,3,u3_distractor
,,,,,10,0.0,deployable_cosine_top10,IRRELEVANT,u3_distractor_s5_final,easy_distractor,False,Compression-legging fit does not discriminate among shoes.,memory_7805ecfa0caf62337567e0a902e0816f8bac49099e51c8dbfb134bc2ef942e38,positive,a specific pair that,user,fit: compression,0.0,IRRELEVANT,not_retrieved,CROSS_DOMAIN_DISTRACTOR,footwear,0.3665792593975513,candidate_not_retrieved,ENOUGH_CONTEXT,5,u3_distractor_s5,held_out,3,u3_distractor
1,825,2.9673797999857925,286,4,10,0.6,deployable_cosine_top10,CONTEXTUAL,u3_distractor_s5_final,nearby_non_portable,True,"A $20 underwear cap is not portable to shoes, and the current query already states a broader budget.",memory_c1d37c87c62d3a32cc16284c92836d970d9156e3dec1c3479488612e70fcf87f,positive,,user,budget: at most 20,0.1,IRRELEVANT,judged,SAME_CATEGORY_HARD_NEGATIVE,footwear,0.20405566919295742,scope_mismatch,CONTEXT_LOST_DURING_MEMORY_DISTILLATION,5,u3_distractor_s5,held_out,3,u3_distractor
1,825,2.9673797999857925,286,1,10,0.6,deployable_cosine_top10,REDUNDANT,u3_distractor_s5_final,none,True,Breathability is explicitly stated in the current shoe request.,memory_60013ec74ecab24103477ccf4ea1d1c701b650c02c01a228d3e88314e9b32d10,positive,,user,style: breathable,0.1,IRRELEVANT,judged,RELEVANT_BUT_REDUNDANT,footwear,0.5438652407492606,scope_mismatch,ENOUGH_CONTEXT,5,u3_distractor_s5,held_out,3,u3_distractor
1,825,2.9673797999857925,286,2,10,0.6,deployable_cosine_top10,IRRELEVANT,u3_distractor_s5_final,easy_distractor,True,A hooded rain-jacket requirement is unrelated to shoes.,memory_b21cacfd6515e3243c20eae2eccb4090f3aa6c942be8083328d0d75857e2d3d9,positive,,user,style: hooded,0.1,IRRELEVANT,judged,CROSS_DOMAIN_DISTRACTOR,footwear,0.28654555543886495,scope_mismatch,ENOUGH_CONTEXT,5,u3_distractor_s5,held_out,3,u3_distractor
1,879,3.006931000010809,354,2,10,0.2,deployable_cosine_top10,CONTEXTUAL,u3_distractor_s6_final,contextual_requirement,True,Office flannel styling is nearby clothing history but non-portable to eveningwear.,memory_b09c3cec58a94c2a3c9806fef48fd2193851d85ad59c75925850ed69f3f7df30,positive,,user,style: flannel,0.1,IRRELEVANT,judged,SAME_CATEGORY_HARD_NEGATIVE,apparel,0.3104940197251421,scope_mismatch,CONTEXT_LOST_DURING_MEMORY_DISTILLATION,6,u3_distractor_s6,development,4,u3_distractor
,,,,,10,0.0,deployable_cosine_top10,CONTEXTUAL,u3_distractor_s6_final,contextual_requirement,False,Gym compression is episodic and should not steer an evening gown.,memory_7805ecfa0caf62337567e0a902e0816f8bac49099e51c8dbfb134bc2ef942e38,positive,a specific pair that,user,fit: compression,0.0,IRRELEVANT,not_retrieved,SAME_CATEGORY_HARD_NEGATIVE,apparel,0.26855007868493264,candidate_not_retrieved,ENOUGH_CONTEXT,6,u3_distractor_s6,development,4,u3_distractor
1,879,3.006931000010809,354,4,10,0.2,deployable_cosine_top10,CONTEXTUAL,u3_distractor_s6_final,nearby_non_portable,True,A narrow underwear budget should not replace the current explicit under-$120 gown budget.,memory_c1d37c87c62d3a32cc16284c92836d970d9156e3dec1c3479488612e70fcf87f,positive,,user,budget: at most 20,0.1,IRRELEVANT,judged,SAME_CATEGORY_HARD_NEGATIVE,apparel,0.2313653545888787,scope_mismatch,CONTEXT_LOST_DURING_MEMORY_DISTILLATION,6,u3_distractor_s6,development,4,u3_distractor
1,879,3.006931000010809,354,3,10,0.2,deployable_cosine_top10,PORTABLE,u3_distractor_s6_final,none,True,The persistent breathable preference is unstated in the formal gown request and can discriminate among plausible gowns.,memory_60013ec74ecab24103477ccf4ea1d1c701b650c02c01a228d3e88314e9b32d10,positive,,user,style: breathable,0.1,IRRELEVANT,judged,USEFUL_ADDITIONAL_STEERING,apparel,0.29098506221611264,scope_mismatch,CONTEXT_LOST_DURING_MEMORY_DISTILLATION,6,u3_distractor_s6,development,4,u3_distractor
1,879,3.006931000010809,354,1,10,0.2,deployable_cosine_top10,CONTEXTUAL,u3_distractor_s6_final,contextual_requirement,True,A hooded rainwear feature is clothing-near but conflicts with a formal gown.,memory_b21cacfd6515e3243c20eae2eccb4090f3aa6c942be8083328d0d75857e2d3d9,positive,,user,style: hooded,0.1,IRRELEVANT,judged,SAME_CATEGORY_HARD_NEGATIVE,apparel,0.3168376084708788,scope_mismatch,CONTEXT_LOST_DURING_MEMORY_DISTILLATION,6,u3_distractor_s6,development,4,u3_distractor
1,879,3.006931000010809,354,5,10,0.2,deployable_cosine_top10,CONTEXTUAL,u3_distractor_s6_final,contextual_requirement,True,Rainy-hike context should not steer formal dinnerwear.,memory_b3f9906f63b20797ce908b10a12a987f81a62b5296129d55353cbd1ba7358899,positive,,user,use_case: hiking,0.1,IRRELEVANT,judged,SAME_CATEGORY_HARD_NEGATIVE,apparel,0.15749384036903047,scope_mismatch,CONTEXT_LOST_DURING_MEMORY_DISTILLATION,6,u3_distractor_s6,development,4,u3_distractor
,,,,,10,0.0,deployable_cosine_top10,IRRELEVANT,u3_distractor_s6_final,easy_distractor,False,Shoe-sole history is unrelated to gown selection.,memory_5cda589c37d453f61d2eb210aee4ab073a6ddbc8bf4629343d27619ea3cb94ab,positive,shoes,user,sole: rubber,0.0,IRRELEVANT,not_retrieved,CROSS_DOMAIN_DISTRACTOR,apparel,0.22345316444410623,candidate_not_retrieved,ENOUGH_CONTEXT,6,u3_distractor_s6,development,4,u3_distractor
1,827,1.8933110999932978,285,3,10,0.4,deployable_cosine_top10,CONTEXTUAL,u3_distractor_s7_final,nearby_non_portable,True,Office-shirt flannel is work-context-adjacent but non-portable to cargo pants.,memory_b09c3cec58a94c2a3c9806fef48fd2193851d85ad59c75925850ed69f3f7df30,positive,,user,style: flannel,0.1,IRRELEVANT,judged,SAME_CATEGORY_HARD_NEGATIVE,apparel,0.39058757357424106,scope_mismatch,CONTEXT_LOST_DURING_MEMORY_DISTILLATION,7,u3_distractor_s7,held_out,1,u3_distractor
,,,,,10,0.0,deployable_cosine_top10,CONTEXTUAL,u3_distractor_s7_final,contextual_requirement,False,Gym compression should not steer cargo work pants.,memory_7805ecfa0caf62337567e0a902e0816f8bac49099e51c8dbfb134bc2ef942e38,positive,a specific pair that,user,fit: compression,0.0,IRRELEVANT,not_retrieved,SAME_CATEGORY_HARD_NEGATIVE,apparel,0.3907835714164055,candidate_not_retrieved,ENOUGH_CONTEXT,7,u3_distractor_s7,held_out,1,u3_distractor
1,827,1.8933110999932978,285,1,10,0.6,deployable_cosine_top10,REDUNDANT,u3_distractor_s7_final,none,True,The current message already states the usual breathable preference before prioritising storage.,memory_60013ec74ecab24103477ccf4ea1d1c701b650c02c01a228d3e88314e9b32d10,positive,,user,style: breathable,0.2,CONTEXTUAL,judged,RELEVANT_BUT_REDUNDANT,apparel,0.44610490082927867,insufficient_context,ENOUGH_CONTEXT,7,u3_distractor_s7,held_out,1,u3_distractor
1,827,1.8933110999932978,285,4,10,0.4,deployable_cosine_top10,CONTEXTUAL,u3_distractor_s7_final,contextual_requirement,True,A rain-jacket hood is an episodic clothing feature.,memory_b21cacfd6515e3243c20eae2eccb4090f3aa6c942be8083328d0d75857e2d3d9,positive,,user,style: hooded,0.1,IRRELEVANT,judged,SAME_CATEGORY_HARD_NEGATIVE,apparel,0.3605593668090446,scope_mismatch,CONTEXT_LOST_DURING_MEMORY_DISTILLATION,7,u3_distractor_s7,held_out,1,u3_distractor
,,,,,10,0.0,deployable_cosine_top10,PORTABLE,u3_distractor_s7_final,none,False,The cargo-pants request has no price constraint; the established budget adds legitimate discrimination.,memory_15efd52c6253dddd3462efc0c31635c7dbf46b6691aa6dd12f4cd8691f887452,positive,shoes,user,budget: at most 120,0.0,IRRELEVANT,not_retrieved,USEFUL_ADDITIONAL_STEERING,apparel,0.22772725162399476,candidate_not_retrieved,CONTEXT_LOST_DURING_MEMORY_DISTILLATION,7,u3_distractor_s7,held_out,1,u3_distractor
1,827,1.8933110999932978,285,2,10,0.4,deployable_cosine_top10,CONTEXTUAL,u3_distractor_s7_final,contextual_requirement,True,Dressy eveningwear style should not carry to work cargo pants.,memory_e720f6f085766c182bf0013e35b20eb1a6518e875716d87d2094656e86b2e7a5,positive,,user,style: dressy,0.1,IRRELEVANT,judged,SAME_CATEGORY_HARD_NEGATIVE,apparel,0.40739099954502167,scope_mismatch,CONTEXT_LOST_DURING_MEMORY_DISTILLATION,7,u3_distractor_s7,held_out,1,u3_distractor
,,,,,10,0.0,deployable_cosine_top10,IRRELEVANT,u3_distractor_s8_final,easy_distractor,False,Compression-legging fit is a different product family.,memory_7805ecfa0caf62337567e0a902e0816f8bac49099e51c8dbfb134bc2ef942e38,positive,a specific pair that,user,fit: compression,0.0,IRRELEVANT,not_retrieved,CROSS_DOMAIN_DISTRACTOR,footwear,0.2200916560010595,candidate_not_retrieved,ENOUGH_CONTEXT,8,u3_distractor_s8,development,8,u3_distractor
1,717,2.039503900014097,144,1,10,0.6,deployable_cosine_top10,IRRELEVANT,u3_distractor_s8_final,easy_distractor,True,A jacket hood does not discriminate among boots.,memory_b21cacfd6515e3243c20eae2eccb4090f3aa6c942be8083328d0d75857e2d3d9,positive,,user,style: hooded,0.2,CONTEXTUAL,judged,CROSS_DOMAIN_DISTRACTOR,footwear,0.3256007487390174,insufficient_context,ENOUGH_CONTEXT,8,u3_distractor_s8,development,8,u3_distractor
,,,,,10,0.0,deployable_cosine_top10,PORTABLE,u3_distractor_s8_final,none,False,"The winter-boot request omits price, so the established budget adds legitimate selection information.",memory_15efd52c6253dddd3462efc0c31635c7dbf46b6691aa6dd12f4cd8691f887452,positive,shoes,user,budget: at most 120,0.0,IRRELEVANT,not_retrieved,USEFUL_ADDITIONAL_STEERING,footwear,0.155212415664657,candidate_not_retrieved,CONTEXT_LOST_DURING_MEMORY_DISTILLATION,8,u3_distractor_s8,development,8,u3_distractor
,,,,,10,0.0,deployable_cosine_top10,PORTABLE,u3_distractor_s8_final,none,False,Breathability is an unstated portable footwear comfort preference compatible with comparing insulated boots.,memory_c967c109733561ea2882f5d74bc12dd5f16dfa6ecb36b827ee5bf92872afae18,positive,shoes,user,material: breathable,0.0,IRRELEVANT,not_retrieved,USEFUL_ADDITIONAL_STEERING,footwear,0.31193548374606217,candidate_not_retrieved,CONTEXT_LOST_DURING_MEMORY_DISTILLATION,8,u3_distractor_s8,development,8,u3_distractor
,,,,,10,0.0,deployable_cosine_top10,REDUNDANT,u3_distractor_s8_final,none,False,Rubber sole is already explicit in the current boot state.,memory_5cda589c37d453f61d2eb210aee4ab073a6ddbc8bf4629343d27619ea3cb94ab,positive,shoes,user,sole: rubber,0.0,IRRELEVANT,not_retrieved,RELEVANT_BUT_REDUNDANT,footwear,0.3835059472703241,candidate_not_retrieved,ENOUGH_CONTEXT,8,u3_distractor_s8,development,8,u3_distractor
1,717,2.039503900014097,144,2,10,0.6,deployable_cosine_top10,IRRELEVANT,u3_distractor_s8_final,easy_distractor,True,Evening-gown style is unrelated to winter boots.,memory_e720f6f085766c182bf0013e35b20eb1a6518e875716d87d2094656e86b2e7a5,positive,,user,style: dressy,0.2,CONTEXTUAL,judged,CROSS_DOMAIN_DISTRACTOR,footwear,0.27661795419206314,insufficient_context,ENOUGH_CONTEXT,8,u3_distractor_s8,development,8,u3_distractor
1,883,2.965927900018869,353,2,10,0.4,deployable_cosine_top10,CONTEXTUAL,u3_distractor_s9_final,nearby_non_portable,True,Office-shirt flannel styling is apparel-near but not useful for the current tee.,memory_b09c3cec58a94c2a3c9806fef48fd2193851d85ad59c75925850ed69f3f7df30,positive,,user,style: flannel,0.1,IRRELEVANT,judged,SAME_CATEGORY_HARD_NEGATIVE,apparel,0.38376900943635595,scope_mismatch,CONTEXT_LOST_DURING_MEMORY_DISTILLATION,9,u3_distractor_s9,held_out,1,u3_distractor
,,,,,10,0.0,deployable_cosine_top10,CONTEXTUAL,u3_distractor_s9_final,contextual_requirement,False,Secure pockets were episodic gym-legging history.,memory_568314a9bdc9198abf7f81f36709b569a00155c27514a8d5cdb475adadcbc6af,positive,a specific pair that,user,feature: secure pockets,0.0,IRRELEVANT,not_retrieved,SAME_CATEGORY_HARD_NEGATIVE,apparel,0.22961639602425654,candidate_not_retrieved,ENOUGH_CONTEXT,9,u3_distractor_s9,held_out,1,u3_distractor
,,,,,10,0.0,deployable_cosine_top10,CONTEXTUAL,u3_distractor_s9_final,contextual_requirement,False,Compression was a gym-legging requirement and should not steer a casual tee.,memory_7805ecfa0caf62337567e0a902e0816f8bac49099e51c8dbfb134bc2ef942e38,positive,a specific pair that,user,fit: compression,0.0,IRRELEVANT,not_retrieved,SAME_CATEGORY_HARD_NEGATIVE,apparel,0.3596416695788031,candidate_not_retrieved,ENOUGH_CONTEXT,9,u3_distractor_s9,held_out,1,u3_distractor
1,883,2.965927900018869,353,3,10,0.4,deployable_cosine_top10,CONTEXTUAL,u3_distractor_s9_final,contextual_requirement,True,A hooded rainwear requirement is clothing-near but non-portable to a short-sleeve tee.,memory_b21cacfd6515e3243c20eae2eccb4090f3aa6c942be8083328d0d75857e2d3d9,positive,,user,style: hooded,0.1,IRRELEVANT,judged,SAME_CATEGORY_HARD_NEGATIVE,apparel,0.3707359982216513,scope_mismatch,CONTEXT_LOST_DURING_MEMORY_DISTILLATION,9,u3_distractor_s9,held_out,1,u3_distractor
1,883,2.965927900018869,353,5,10,0.4,deployable_cosine_top10,CONTEXTUAL,u3_distractor_s9_final,contextual_requirement,True,Rainy-hike context should not steer the casual tee.,memory_b3f9906f63b20797ce908b10a12a987f81a62b5296129d55353cbd1ba7358899,positive,,user,use_case: hiking,0.1,IRRELEVANT,judged,SAME_CATEGORY_HARD_NEGATIVE,apparel,0.13139642149509453,scope_mismatch,CONTEXT_LOST_DURING_MEMORY_DISTILLATION,9,u3_distractor_s9,held_out,1,u3_distractor
,,,,,10,0.0,deployable_cosine_top10,PORTABLE,u3_distractor_s9_final,none,False,"The casual tee state has no price constraint, so the stable budget is additional and target-independent.",memory_15efd52c6253dddd3462efc0c31635c7dbf46b6691aa6dd12f4cd8691f887452,positive,shoes,user,budget: at most 120,0.0,IRRELEVANT,not_retrieved,USEFUL_ADDITIONAL_STEERING,apparel,0.14402996184024164,candidate_not_retrieved,CONTEXT_LOST_DURING_MEMORY_DISTILLATION,9,u3_distractor_s9,held_out,1,u3_distractor
,,,,,10,0.0,deployable_cosine_top10,PORTABLE,u3_distractor_s9_final,none,False,Breathability is a persistent unstated preference that can discriminate among rayon/spandex tees.,memory_c967c109733561ea2882f5d74bc12dd5f16dfa6ecb36b827ee5bf92872afae18,positive,shoes,user,material: breathable,0.0,IRRELEVANT,not_retrieved,USEFUL_ADDITIONAL_STEERING,apparel,0.3004292105303358,candidate_not_retrieved,CONTEXT_LOST_DURING_MEMORY_DISTILLATION,9,u3_distractor_s9,held_out,1,u3_distractor
1,883,2.965927900018869,353,1,10,0.6,deployable_cosine_top10,CONTEXTUAL,u3_distractor_s9_final,contextual_requirement,True,Formal eveningwear style should not steer casual apparel.,memory_e720f6f085766c182bf0013e35b20eb1a6518e875716d87d2094656e86b2e7a5,positive,,user,style: dressy,0.2,CONTEXTUAL,judged,SAME_CATEGORY_HARD_NEGATIVE,apparel,0.4120421869717399,episode_specific,CONTEXT_LOST_DURING_MEMORY_DISTILLATION,9,u3_distractor_s9,held_out,1,u3_distractor
1,883,2.965927900018869,353,4,10,0.4,deployable_cosine_top10,CONTEXTUAL,u3_distractor_s9_final,contextual_requirement,True,Cargo storage was a one-off work requirement.,memory_14a5f960e539d759c2ad1507c497d7abc25169da178c9a6c1f20215b1cb094b6,positive,,user,pockets: lots,0.1,IRRELEVANT,judged,SAME_CATEGORY_HARD_NEGATIVE,apparel,0.25989159831322,scope_mismatch,CONTEXT_LOST_DURING_MEMORY_DISTILLATION,9,u3_distractor_s9,held_out,1,u3_distractor
,,,,,10,0.0,deployable_cosine_top10,CONTEXTUAL,u3_distractor_s9_final,nearby_non_portable,False,Recent winter-boot insulation is semantically strong but should not steer a warm-weather-style tee.,memory_cbf0b3a88f8a66317a98692e948dacc8ffedefe382aa7027f8ea11cf17ec2d12,positive,something waterproof and insulated,user,insulation: insulated,0.0,IRRELEVANT,not_retrieved,CROSS_DOMAIN_DISTRACTOR,apparel,0.181547338644972,candidate_not_retrieved,CONTEXT_LOST_DURING_MEMORY_DISTILLATION,9,u3_distractor_s9,held_out,1,u3_distractor
1,765,1.7630272999813315,202,1,10,0.9,deployable_cosine_top10,REDUNDANT,u4_negative_s2_final,none,True,Cotton is explicit in the slipper request.,memory_f680ea67ad5b981c287875f1df9e2cc23321b330361800aceb5469db6a871995,positive,,user,material: cotton,0.9,PORTABLE,judged,RELEVANT_BUT_REDUNDANT,footwear,0.5215679667559793,persistent_preference,ENOUGH_CONTEXT,2,u4_negative_s2,development,1,u4_negative
1,765,1.7630272999813315,202,3,10,0.6,deployable_cosine_top10,IRRELEVANT,u4_negative_s2_final,easy_distractor,True,Nightgown use is unrelated to slippers.,memory_b561c910b756ce0c81f46b1fba2cadda6e4f31150474d3c2cd62277ffcc5d76c,positive,,user,use_case: nightgown,0.2,CONTEXTUAL,judged,CROSS_DOMAIN_DISTRACTOR,footwear,0.37473065631692964,episode_specific,ENOUGH_CONTEXT,2,u4_negative_s2,development,1,u4_negative
,,,,,10,0.0,deployable_cosine_top10,PORTABLE,u4_negative_s2_final,none,False,"Avoiding wool can legitimately discriminate among slippers, but negative-polarity memories are excluded from the primary task.",memory_ae00bb499df641878e972ef842249e8c378a5e54482b21fd0a439fb132b4b1cc,negative,,user,avoid: wool,0.0,IRRELEVANT,not_retrieved,USEFUL_ADDITIONAL_STEERING,footwear,0.3221071443822737,candidate_not_retrieved,CONTEXT_LOST_DURING_MEMORY_DISTILLATION,2,u4_negative_s2,development,1,u4_negative
1,765,1.7630272999813315,202,2,10,0.9,deployable_cosine_top10,REDUNDANT,u4_negative_s2_final,none,True,Cotton composition is already explicit and the exact underwear blend is not portable.,memory_a5546292009666c457e5a0e30b9fc8d8cc5293dbe20f23df122cf345da955526,positive,,user,"material: 95% cotton, 5% spandex",0.9,PORTABLE,judged,RELEVANT_BUT_REDUNDANT,footwear,0.5041375489793836,persistent_preference,ENOUGH_CONTEXT,2,u4_negative_s2,development,1,u4_negative
,,,,,10,0.0,deployable_cosine_top10,PORTABLE,u4_negative_s2_final,none,False,The reinforced negative preference is relevant but analyzed only in the negative-polarity stratum.,memory_9e5c85799cef1d2e551c886a777dcdc0d18865adb944de3dc27b6253ae9fa139,negative,,user,avoid: wool,0.0,IRRELEVANT,not_retrieved,USEFUL_ADDITIONAL_STEERING,footwear,0.3221071443822737,candidate_not_retrieved,CONTEXT_LOST_DURING_MEMORY_DISTILLATION,2,u4_negative_s2,development,1,u4_negative
,,,,,10,0.0,deployable_cosine_top10,IRRELEVANT,u4_negative_s5_final,none,False,"Valid negative preference, but wool is not a plausible discriminator for this nylon/spandex bikini state; excluded from primary by polarity.",memory_ae00bb499df641878e972ef842249e8c378a5e54482b21fd0a439fb132b4b1cc,negative,,user,avoid: wool,0.0,IRRELEVANT,not_retrieved,IRRELEVANT,swimwear,0.2490678314857562,candidate_not_retrieved,ENOUGH_CONTEXT,5,u4_negative_s5,held_out,1,u4_negative
1,712,2.0496488999924622,140,1,10,0.6,deployable_cosine_top10,CONFLICTING,u4_negative_s5_final,same_category,True,Underwear composition is apparel-near but conflicts with the explicit nylon/spandex swimwear request.,memory_a5546292009666c457e5a0e30b9fc8d8cc5293dbe20f23df122cf345da955526,positive,,user,"material: 95% cotton, 5% spandex",0.2,CONTEXTUAL,judged,SAME_CATEGORY_HARD_NEGATIVE,swimwear,0.4343469400849878,insufficient_context,ENOUGH_CONTEXT,5,u4_negative_s5,held_out,1,u4_negative
,,,,,10,0.0,deployable_cosine_top10,IRRELEVANT,u4_negative_s5_final,easy_distractor,False,Slipper history is a different product family.,memory_7cb08ad41cbbc79a206b4087a0bbc9147f3b389d6fc8f4e351b5fbc06201ff6e,positive,slippers,user,category: slippers,0.0,IRRELEVANT,not_retrieved,CROSS_DOMAIN_DISTRACTOR,swimwear,0.2491930325927042,candidate_not_retrieved,ENOUGH_CONTEXT,5,u4_negative_s5,held_out,1,u4_negative
,,,,,10,0.0,deployable_cosine_top10,PORTABLE,u4_negative_s5_final,none,False,"Avoiding polyester may discriminate among synthetic swimwear, but remains a separate negative-polarity analysis.",memory_bbb10b14db0c894d3719c9be5220623694320e638cae9abe0afe4bc1433c5337,negative,,user,avoid: polyester,0.0,IRRELEVANT,not_retrieved,USEFUL_ADDITIONAL_STEERING,swimwear,0.35693401286732185,candidate_not_retrieved,CONTEXT_LOST_DURING_MEMORY_DISTILLATION,5,u4_negative_s5,held_out,1,u4_negative
1,712,2.0496488999924622,140,2,10,0.4,deployable_cosine_top10,CONFLICTING,u4_negative_s5_final,same_category,True,Cotton underwear history should not override the current nylon bikini request.,memory_7c927b8a2b93778ecc637768bf66e94062a716e3302cc70c6ee978d59f883b9f,positive,,user,material: cotton,0.1,IRRELEVANT,judged,SAME_CATEGORY_HARD_NEGATIVE,swimwear,0.33835064167250983,scope_mismatch,ENOUGH_CONTEXT,5,u4_negative_s5,held_out,1,u4_negative
,,,,,10,0.0,deployable_cosine_top10,PORTABLE,u4_negative_s8_final,none,False,A no-wool preference could affect watch straps but is kept in the separate negative-polarity analysis.,memory_ae00bb499df641878e972ef842249e8c378a5e54482b21fd0a439fb132b4b1cc,negative,,user,avoid: wool,0.0,IRRELEVANT,not_retrieved,USEFUL_ADDITIONAL_STEERING,jewellery_accessories,0.28716759719237167,candidate_not_retrieved,CONTEXT_LOST_DURING_MEMORY_DISTILLATION,8,u4_negative_s8,development,1,u4_negative
,,,,,10,0.0,deployable_cosine_top10,IRRELEVANT,u4_negative_s8_final,none,False,Polyester-heavy clothing avoidance has little bearing on a leather-band watch and is excluded from primary by polarity.,memory_bbb10b14db0c894d3719c9be5220623694320e638cae9abe0afe4bc1433c5337,negative,,user,avoid: polyester,0.0,IRRELEVANT,not_retrieved,IRRELEVANT,jewellery_accessories,0.2849965001455125,candidate_not_retrieved,ENOUGH_CONTEXT,8,u4_negative_s8,development,1,u4_negative
1,768,2.724353199999314,217,2,10,0.2,deployable_cosine_top10,CONTEXTUAL,u4_negative_s8_final,nearby_non_portable,True,A black wallet preference is accessory-near but not established as portable to watches.,memory_1c644c863ab9f04e6b8b7745ddad8089aebe77d3108f977d75e0a5c836efa4ad,positive,,user,color: black,0.1,IRRELEVANT,judged,SAME_CATEGORY_HARD_NEGATIVE,jewellery_accessories,0.3202735580873197,scope_mismatch,CONTEXT_LOST_DURING_MEMORY_DISTILLATION,8,u4_negative_s8,development,1,u4_negative
1,768,2.724353199999314,217,3,10,0.2,deployable_cosine_top10,CONTEXTUAL,u4_negative_s8_final,nearby_non_portable,True,Minimal wallet style is nearby but not a demonstrated persistent watch preference.,memory_cae1839185cd53eb267b2691069cac20ba711917c82a0c16f554e1fa335c5467,positive,,user,style: minimalistic,0.1,IRRELEVANT,judged,SAME_CATEGORY_HARD_NEGATIVE,jewellery_accessories,0.3065636706568904,scope_mismatch,CONTEXT_LOST_DURING_MEMORY_DISTILLATION,8,u4_negative_s8,development,1,u4_negative
,,,,,10,0.0,deployable_cosine_top10,PORTABLE,u4_negative_s8_final,none,False,"Avoiding neon can discriminate among watch aesthetics, but negative steering is not supported in this phase.",memory_f339c0c6d3caa1ee26f4e37c1db5a9cac37965c10bab06bfc673f0cc5ca11de2,negative,,user,avoid: neon,0.0,IRRELEVANT,not_retrieved,USEFUL_ADDITIONAL_STEERING,jewellery_accessories,0.16578998473025697,candidate_not_retrieved,CONTEXT_LOST_DURING_MEMORY_DISTILLATION,8,u4_negative_s8,development,1,u4_negative
1,768,2.724353199999314,217,1,10,0.2,deployable_cosine_top10,IRRELEVANT,u4_negative_s8_final,easy_distractor,True,Crossbody bag style is unrelated to watches.,memory_2d4757e5165dba298cd7e2fa06eaba4a57b4c8cc3a92a9f43d5215eb6d7187cf,positive,,user,style: crossbody,0.1,IRRELEVANT,judged,CROSS_DOMAIN_DISTRACTOR,jewellery_accessories,0.3739883270685837,scope_mismatch,ENOUGH_CONTEXT,8,u4_negative_s8,development,1,u4_negative
,,,,,10,0.0,deployable_cosine_top10,PORTABLE,u4_negative_s9_final,none,False,Avoiding wool can legitimately constrain T-shirt blends but is analyzed separately due to negative polarity.,memory_ae00bb499df641878e972ef842249e8c378a5e54482b21fd0a439fb132b4b1cc,negative,,user,avoid: wool,0.0,IRRELEVANT,not_retrieved,USEFUL_ADDITIONAL_STEERING,apparel,0.22983379026555995,candidate_not_retrieved,CONTEXT_LOST_DURING_MEMORY_DISTILLATION,9,u4_negative_s9,held_out,3,u4_negative
,,,,,10,0.0,deployable_cosine_top10,PORTABLE,u4_negative_s9_final,none,False,Avoiding polyester-heavy clothing is relevant to T-shirts but excluded from primary projection evidence.,memory_bbb10b14db0c894d3719c9be5220623694320e638cae9abe0afe4bc1433c5337,negative,,user,avoid: polyester,0.0,IRRELEVANT,not_retrieved,USEFUL_ADDITIONAL_STEERING,apparel,0.24201928797477987,candidate_not_retrieved,CONTEXT_LOST_DURING_MEMORY_DISTILLATION,9,u4_negative_s9,held_out,3,u4_negative
1,757,2.0461407999973744,214,1,10,0.2,deployable_cosine_top10,REDUNDANT,u4_negative_s9_final,none,True,Black is already explicit in the current T-shirt state.,memory_1c644c863ab9f04e6b8b7745ddad8089aebe77d3108f977d75e0a5c836efa4ad,positive,,user,color: black,0.1,IRRELEVANT,judged,RELEVANT_BUT_REDUNDANT,apparel,0.39986403127501824,scope_mismatch,ENOUGH_CONTEXT,9,u4_negative_s9,held_out,3,u4_negative
1,757,2.0461407999973744,214,3,10,0.2,deployable_cosine_top10,CONFLICTING,u4_negative_s9_final,override_conflict,True,Minimal wallet history conflicts with the current distressed band-shirt style.,memory_cae1839185cd53eb267b2691069cac20ba711917c82a0c16f554e1fa335c5467,positive,,user,style: minimalistic,0.1,IRRELEVANT,judged,SAME_CATEGORY_HARD_NEGATIVE,apparel,0.26039619995936286,scope_mismatch,ENOUGH_CONTEXT,9,u4_negative_s9,held_out,3,u4_negative
,,,,,10,0.0,deployable_cosine_top10,PORTABLE,u4_negative_s9_final,none,False,The no-neon preference can refine red/black choices but remains a separate negative-polarity diagnostic.,memory_f339c0c6d3caa1ee26f4e37c1db5a9cac37965c10bab06bfc673f0cc5ca11de2,negative,,user,avoid: neon,0.0,IRRELEVANT,not_retrieved,USEFUL_ADDITIONAL_STEERING,apparel,0.1889840512703434,candidate_not_retrieved,CONTEXT_LOST_DURING_MEMORY_DISTILLATION,9,u4_negative_s9,held_out,3,u4_negative
1,757,2.0461407999973744,214,2,10,0.2,deployable_cosine_top10,IRRELEVANT,u4_negative_s9_final,easy_distractor,True,Bag leather is unrelated to a cotton T-shirt.,memory_563e57974ddab5ac807d9c153a1681f96b1d0f7ec1ffc5e488fcdcccfa5f32d5,positive,,user,material: soft leather,0.1,IRRELEVANT,judged,CROSS_DOMAIN_DISTRACTOR,apparel,0.27702795997506946,scope_mismatch,ENOUGH_CONTEXT,9,u4_negative_s9,held_out,3,u4_negative
