fixture_id,memory_id,memory_text,label,component,coefficient,projected_energy,projected_energy_share
u2_override_s9_final,memory_901b14eb5ae14fcd579696a128d992b263c17ccdd0bebfdaa69ee2be5fa839a7,material: leather,CROSS_DOMAIN_DISTRACTOR,1,-0.19948485404907512,0.039794206994980805,0.3847932902940845
u2_override_s9_final,memory_901b14eb5ae14fcd579696a128d992b263c17ccdd0bebfdaa69ee2be5fa839a7,material: leather,CROSS_DOMAIN_DISTRACTOR,5,-0.10706730398025216,0.01146340758159972,0.11084634308361188
u2_override_s9_final,memory_901b14eb5ae14fcd579696a128d992b263c17ccdd0bebfdaa69ee2be5fa839a7,material: leather,CROSS_DOMAIN_DISTRACTOR,10,0.1002748551088969,0.010055046567110267,0.09722808279875021
u2_override_s9_final,memory_901b14eb5ae14fcd579696a128d992b263c17ccdd0bebfdaa69ee2be5fa839a7,material: leather,CROSS_DOMAIN_DISTRACTOR,7,-0.09700300960370438,0.009409583872176363,0.09098672927266964
u2_override_s9_final,memory_901b14eb5ae14fcd579696a128d992b263c17ccdd0bebfdaa69ee2be5fa839a7,material: leather,CROSS_DOMAIN_DISTRACTOR,14,-0.0878423117781715,0.007716271738533488,0.07461311118595866
u2_override_s9_final,memory_5ad99c853e33fa532a49025c1e843322d2ecd1d017525a3ea376bdd37e65da37,style: understated,SAME_CATEGORY_HARD_NEGATIVE,1,-0.1785451188367465,0.031878359460427934,0.5193129930908318
u2_override_s9_final,memory_5ad99c853e33fa532a49025c1e843322d2ecd1d017525a3ea376bdd37e65da37,style: understated,SAME_CATEGORY_HARD_NEGATIVE,7,-0.09543715166012898,0.009108249916998459,0.14837753906650672
u2_override_s9_final,memory_5ad99c853e33fa532a49025c1e843322d2ecd1d017525a3ea376bdd37e65da37,style: understated,SAME_CATEGORY_HARD_NEGATIVE,10,0.06788595223475387,0.004608502510819284,0.07507460462421327
u2_override_s9_final,memory_5ad99c853e33fa532a49025c1e843322d2ecd1d017525a3ea376bdd37e65da37,style: understated,SAME_CATEGORY_HARD_NEGATIVE,11,-0.06030060771246112,0.003636163290492125,0.059234755919498144
u2_override_s9_final,memory_5ad99c853e33fa532a49025c1e843322d2ecd1d017525a3ea376bdd37e65da37,style: understated,SAME_CATEGORY_HARD_NEGATIVE,15,0.055589022859372894,0.003090139462459882,0.050339779100307354
u2_override_s9_final,memory_759da3bac7289fb59ef4c962b14f2a875bf8fa4812aee1de3c54825750d6b9e5,budget: at most 120,RELEVANT_BUT_REDUNDANT,1,-0.07314075170069262,0.00534956955934237,0.3279914552874734
u2_override_s9_final,memory_759da3bac7289fb59ef4c962b14f2a875bf8fa4812aee1de3c54825750d6b9e5,budget: at most 120,RELEVANT_BUT_REDUNDANT,2,0.0648961115699175,0.004211505296895179,0.25821474717853043
u2_override_s9_final,memory_759da3bac7289fb59ef4c962b14f2a875bf8fa4812aee1de3c54825750d6b9e5,budget: at most 120,RELEVANT_BUT_REDUNDANT,11,0.0499840409480137,0.0024984043494927105,0.1531815353359765
u2_override_s9_final,memory_759da3bac7289fb59ef4c962b14f2a875bf8fa4812aee1de3c54825750d6b9e5,budget: at most 120,RELEVANT_BUT_REDUNDANT,7,-0.0441290259487042,0.0019473709311814086,0.1193967138135935
u2_override_s9_final,memory_759da3bac7289fb59ef4c962b14f2a875bf8fa4812aee1de3c54825750d6b9e5,budget: at most 120,RELEVANT_BUT_REDUNDANT,8,0.0251838136800231,0.0006342244714701187,0.03888541032486081
u2_override_s9_final,memory_f08980487e12d03ff4a9576ca128ae308c8f7255cfe83b0e338c08ebcf914d23,style: minimal,SAME_CATEGORY_HARD_NEGATIVE,1,-0.1706260502439227,0.02911324902184163,0.5358398299778707
u2_override_s9_final,memory_f08980487e12d03ff4a9576ca128ae308c8f7255cfe83b0e338c08ebcf914d23,style: minimal,SAME_CATEGORY_HARD_NEGATIVE,7,-0.10031559988863982,0.010063219581017673,0.1852171794799352
u2_override_s9_final,memory_f08980487e12d03ff4a9576ca128ae308c8f7255cfe83b0e338c08ebcf914d23,style: minimal,SAME_CATEGORY_HARD_NEGATIVE,5,-0.07256453304796566,0.005265611456469301,0.0969154746502957
u2_override_s9_final,memory_f08980487e12d03ff4a9576ca128ae308c8f7255cfe83b0e338c08ebcf914d23,style: minimal,SAME_CATEGORY_HARD_NEGATIVE,2,0.0633072122058106,0.004007803117271535,0.07376505931482985
u2_override_s9_final,memory_f08980487e12d03ff4a9576ca128ae308c8f7255cfe83b0e338c08ebcf914d23,style: minimal,SAME_CATEGORY_HARD_NEGATIVE,10,0.04666518491049761,0.002177639482730934,0.04008023870177541
u2_override_s9_final,memory_e48712816bd9bcac6e74f4d785b385a30fb778360b06c36296612036f283462c,style: classic,SAME_CATEGORY_HARD_NEGATIVE,1,-0.18273617023714728,0.03339250791293967,0.4787108370867546
u2_override_s9_final,memory_e48712816bd9bcac6e74f4d785b385a30fb778360b06c36296612036f283462c,style: classic,SAME_CATEGORY_HARD_NEGATIVE,5,-0.10110263545663763,0.01022174289627776,0.1465376338644683
u2_override_s9_final,memory_e48712816bd9bcac6e74f4d785b385a30fb778360b06c36296612036f283462c,style: classic,SAME_CATEGORY_HARD_NEGATIVE,7,-0.08638855203147018,0.007462981922094031,0.1069883799205317
u2_override_s9_final,memory_e48712816bd9bcac6e74f4d785b385a30fb778360b06c36296612036f283462c,style: classic,SAME_CATEGORY_HARD_NEGATIVE,4,0.06892206914246927,0.0047502516148793155,0.06809901588884272
u2_override_s9_final,memory_e48712816bd9bcac6e74f4d785b385a30fb778360b06c36296612036f283462c,style: classic,SAME_CATEGORY_HARD_NEGATIVE,10,0.05809331757120523,0.003374833546428902,0.048381193657317474
u2_override_s9_final,memory_5604f48f7cbc7eef9bfab5bbb86771b86737603e740600eb877870812bd67b1e,closure: double zippers,CROSS_DOMAIN_DISTRACTOR,1,-0.1863890968378349,0.034740895420023794,0.37620140421664516
u2_override_s9_final,memory_5604f48f7cbc7eef9bfab5bbb86771b86737603e740600eb877870812bd67b1e,closure: double zippers,CROSS_DOMAIN_DISTRACTOR,5,-0.1142457891691983,0.013052100342892906,0.14133828209110402
u2_override_s9_final,memory_5604f48f7cbc7eef9bfab5bbb86771b86737603e740600eb877870812bd67b1e,closure: double zippers,CROSS_DOMAIN_DISTRACTOR,3,-0.10309251633739756,0.010628066924776584,0.11508896511933064
u2_override_s9_final,memory_5604f48f7cbc7eef9bfab5bbb86771b86737603e740600eb877870812bd67b1e,closure: double zippers,CROSS_DOMAIN_DISTRACTOR,11,0.0785562080023601,0.006171077815710065,0.06682522461589228
u2_override_s9_final,memory_5604f48f7cbc7eef9bfab5bbb86771b86737603e740600eb877870812bd67b1e,closure: double zippers,CROSS_DOMAIN_DISTRACTOR,4,0.07104532426979975,0.005047438100600997,0.0546575808765205
u2_override_s9_final,memory_128cec5118039f800554a96aa6db7cedba6ffb9c4da09b1ce795bb30f6bcbe55,color: black,SAME_CATEGORY_HARD_NEGATIVE,1,-0.19768074899859633,0.039077678524646046,0.38707862205796434
u2_override_s9_final,memory_128cec5118039f800554a96aa6db7cedba6ffb9c4da09b1ce795bb30f6bcbe55,color: black,SAME_CATEGORY_HARD_NEGATIVE,5,-0.1785413925290814,0.03187702884622353,0.3157535674314969
u2_override_s9_final,memory_128cec5118039f800554a96aa6db7cedba6ffb9c4da09b1ce795bb30f6bcbe55,color: black,SAME_CATEGORY_HARD_NEGATIVE,3,-0.09748934912299412,0.009504173192425034,0.09414229304342862
u2_override_s9_final,memory_128cec5118039f800554a96aa6db7cedba6ffb9c4da09b1ce795bb30f6bcbe55,color: black,SAME_CATEGORY_HARD_NEGATIVE,8,0.09426745525622214,0.008886353120483843,0.08802256047088286
u2_override_s9_final,memory_128cec5118039f800554a96aa6db7cedba6ffb9c4da09b1ce795bb30f6bcbe55,color: black,SAME_CATEGORY_HARD_NEGATIVE,7,-0.07316747548954992,0.005353479469513889,0.053028161715596885
u3_distractor_s9_final,memory_b09c3cec58a94c2a3c9806fef48fd2193851d85ad59c75925850ed69f3f7df30,style: flannel,SAME_CATEGORY_HARD_NEGATIVE,1,-0.1892773349167986,0.035825909513205946,0.3167617351946394
u3_distractor_s9_final,memory_b09c3cec58a94c2a3c9806fef48fd2193851d85ad59c75925850ed69f3f7df30,style: flannel,SAME_CATEGORY_HARD_NEGATIVE,15,-0.16006623018562355,0.025621198045837023,0.2265347973307763
u3_distractor_s9_final,memory_b09c3cec58a94c2a3c9806fef48fd2193851d85ad59c75925850ed69f3f7df30,style: flannel,SAME_CATEGORY_HARD_NEGATIVE,7,-0.1451847750038471,0.02107861889291771,0.18637070172819817
u3_distractor_s9_final,memory_b09c3cec58a94c2a3c9806fef48fd2193851d85ad59c75925850ed69f3f7df30,style: flannel,SAME_CATEGORY_HARD_NEGATIVE,6,0.11159714797295699,0.012453923435698058,0.11011378220610828
u3_distractor_s9_final,memory_b09c3cec58a94c2a3c9806fef48fd2193851d85ad59c75925850ed69f3f7df30,style: flannel,SAME_CATEGORY_HARD_NEGATIVE,16,-0.0830529721498598,0.006897796182925387,0.06098820428039654
u3_distractor_s9_final,memory_568314a9bdc9198abf7f81f36709b569a00155c27514a8d5cdb475adadcbc6af,feature: secure pockets,SAME_CATEGORY_HARD_NEGATIVE,5,-0.12496828702116408,0.015617072761004047,0.28002186717615385
u3_distractor_s9_final,memory_568314a9bdc9198abf7f81f36709b569a00155c27514a8d5cdb475adadcbc6af,feature: secure pockets,SAME_CATEGORY_HARD_NEGATIVE,1,-0.11691397227453837,0.013668876913011526,0.24508974850523957
u3_distractor_s9_final,memory_568314a9bdc9198abf7f81f36709b569a00155c27514a8d5cdb475adadcbc6af,feature: secure pockets,SAME_CATEGORY_HARD_NEGATIVE,8,-0.07965779238761886,0.006345363888068989,0.11377552445590203
u3_distractor_s9_final,memory_568314a9bdc9198abf7f81f36709b569a00155c27514a8d5cdb475adadcbc6af,feature: secure pockets,SAME_CATEGORY_HARD_NEGATIVE,9,0.06313117237466027,0.003985544925399069,0.07146279900234902
u3_distractor_s9_final,memory_568314a9bdc9198abf7f81f36709b569a00155c27514a8d5cdb475adadcbc6af,feature: secure pockets,SAME_CATEGORY_HARD_NEGATIVE,2,0.05790616123103475,0.003353123508514592,0.06012316905323463
u3_distractor_s9_final,memory_7805ecfa0caf62337567e0a902e0816f8bac49099e51c8dbfb134bc2ef942e38,fit: compression,SAME_CATEGORY_HARD_NEGATIVE,5,-0.1211264815884562,0.014671624541998617,0.19736874181197595
u3_distractor_s9_final,memory_7805ecfa0caf62337567e0a902e0816f8bac49099e51c8dbfb134bc2ef942e38,fit: compression,SAME_CATEGORY_HARD_NEGATIVE,4,-0.11103217663751741,0.012328144248864867,0.16584327879368896
u3_distractor_s9_final,memory_7805ecfa0caf62337567e0a902e0816f8bac49099e51c8dbfb134bc2ef942e38,fit: compression,SAME_CATEGORY_HARD_NEGATIVE,1,-0.10406254645627193,0.010829013574963754,0.14567635494196285
u3_distractor_s9_final,memory_7805ecfa0caf62337567e0a902e0816f8bac49099e51c8dbfb134bc2ef942e38,fit: compression,SAME_CATEGORY_HARD_NEGATIVE,8,-0.10298452013382427,0.010605811387194056,0.14267374709552563
u3_distractor_s9_final,memory_7805ecfa0caf62337567e0a902e0816f8bac49099e51c8dbfb134bc2ef942e38,fit: compression,SAME_CATEGORY_HARD_NEGATIVE,16,-0.10116657065263485,0.010234675017614558,0.13768106764855068
u3_distractor_s9_final,memory_b21cacfd6515e3243c20eae2eccb4090f3aa6c942be8083328d0d75857e2d3d9,style: hooded,SAME_CATEGORY_HARD_NEGATIVE,1,-0.17703511154610055,0.03134143072014026,0.4439840665199573
u3_distractor_s9_final,memory_b21cacfd6515e3243c20eae2eccb4090f3aa6c942be8083328d0d75857e2d3d9,style: hooded,SAME_CATEGORY_HARD_NEGATIVE,5,-0.14043691668799127,0.0197225275688298,0.27939018069248606
u3_distractor_s9_final,memory_b21cacfd6515e3243c20eae2eccb4090f3aa6c942be8083328d0d75857e2d3d9,style: hooded,SAME_CATEGORY_HARD_NEGATIVE,11,-0.06629497404000063,0.004395023582964358,0.062260094640851665
u3_distractor_s9_final,memory_b21cacfd6515e3243c20eae2eccb4090f3aa6c942be8083328d0d75857e2d3d9,style: hooded,SAME_CATEGORY_HARD_NEGATIVE,13,-0.04822913521421828,0.00232604948351135,0.032950917838998825
u3_distractor_s9_final,memory_b21cacfd6515e3243c20eae2eccb4090f3aa6c942be8083328d0d75857e2d3d9,style: hooded,SAME_CATEGORY_HARD_NEGATIVE,12,-0.04616543864310004,0.0021312477251098348,0.03019134768304023
u3_distractor_s9_final,memory_b3f9906f63b20797ce908b10a12a987f81a62b5296129d55353cbd1ba7358899,use_case: hiking,SAME_CATEGORY_HARD_NEGATIVE,8,-0.10724009977752322,0.011500439000293135,0.23749431806855265
u3_distractor_s9_final,memory_b3f9906f63b20797ce908b10a12a987f81a62b5296129d55353cbd1ba7358899,use_case: hiking,SAME_CATEGORY_HARD_NEGATIVE,1,-0.09424068689632528,0.008881307066691217,0.18340690866735482
u3_distractor_s9_final,memory_b3f9906f63b20797ce908b10a12a987f81a62b5296129d55353cbd1ba7358899,use_case: hiking,SAME_CATEGORY_HARD_NEGATIVE,10,-0.0764105256499201,0.005838568430097097,0.12057164320137227
u3_distractor_s9_final,memory_b3f9906f63b20797ce908b10a12a987f81a62b5296129d55353cbd1ba7358899,use_case: hiking,SAME_CATEGORY_HARD_NEGATIVE,5,-0.07634322916044686,0.0058282886386445045,0.12035935634337856
u3_distractor_s9_final,memory_b3f9906f63b20797ce908b10a12a987f81a62b5296129d55353cbd1ba7358899,use_case: hiking,SAME_CATEGORY_HARD_NEGATIVE,2,0.06371463386387376,0.0040595545684074886,0.08383342095562088
u3_distractor_s9_final,memory_15efd52c6253dddd3462efc0c31635c7dbf46b6691aa6dd12f4cd8691f887452,budget: at most 120,USEFUL_ADDITIONAL_STEERING,2,0.07026056869779547,0.004936547513737637,0.3058713627372522
u3_distractor_s9_final,memory_15efd52c6253dddd3462efc0c31635c7dbf46b6691aa6dd12f4cd8691f887452,budget: at most 120,USEFUL_ADDITIONAL_STEERING,1,-0.06735051691727595,0.004536092129024274,0.2810589135717408
u3_distractor_s9_final,memory_15efd52c6253dddd3462efc0c31635c7dbf46b6691aa6dd12f4cd8691f887452,budget: at most 120,USEFUL_ADDITIONAL_STEERING,8,-0.047464026875703676,0.0022528338472575207,0.1395868989336516
u3_distractor_s9_final,memory_15efd52c6253dddd3462efc0c31635c7dbf46b6691aa6dd12f4cd8691f887452,budget: at most 120,USEFUL_ADDITIONAL_STEERING,6,0.040971973494320225,0.001678702612019279,0.10401339278919597
u3_distractor_s9_final,memory_15efd52c6253dddd3462efc0c31635c7dbf46b6691aa6dd12f4cd8691f887452,budget: at most 120,USEFUL_ADDITIONAL_STEERING,16,-0.02671599125960723,0.0007137441889834099,0.04422400617488581
u3_distractor_s9_final,memory_c967c109733561ea2882f5d74bc12dd5f16dfa6ecb36b827ee5bf92872afae18,material: breathable,USEFUL_ADDITIONAL_STEERING,1,-0.19807272256997635,0.03923280342628282,0.478458872175298
u3_distractor_s9_final,memory_c967c109733561ea2882f5d74bc12dd5f16dfa6ecb36b827ee5bf92872afae18,material: breathable,USEFUL_ADDITIONAL_STEERING,8,-0.11130050736975461,0.0123878029407648,0.15107394083894388
u3_distractor_s9_final,memory_c967c109733561ea2882f5d74bc12dd5f16dfa6ecb36b827ee5bf92872afae18,material: breathable,USEFUL_ADDITIONAL_STEERING,6,0.1026835516048599,0.010543911770187925,0.12858699081647415
u3_distractor_s9_final,memory_c967c109733561ea2882f5d74bc12dd5f16dfa6ecb36b827ee5bf92872afae18,material: breathable,USEFUL_ADDITIONAL_STEERING,4,-0.09186739375615832,0.008439618035549037,0.10292433306394706
u3_distractor_s9_final,memory_c967c109733561ea2882f5d74bc12dd5f16dfa6ecb36b827ee5bf92872afae18,material: breathable,USEFUL_ADDITIONAL_STEERING,16,-0.04918067586041918,0.002418738878087618,0.02949743517235048
u3_distractor_s9_final,memory_e720f6f085766c182bf0013e35b20eb1a6518e875716d87d2094656e86b2e7a5,style: dressy,SAME_CATEGORY_HARD_NEGATIVE,2,0.22806903933662556,0.05201548670393126,0.41102310417663507
u3_distractor_s9_final,memory_e720f6f085766c182bf0013e35b20eb1a6518e875716d87d2094656e86b2e7a5,style: dressy,SAME_CATEGORY_HARD_NEGATIVE,1,-0.18702433855748113,0.03497810321286332,0.2763947714763041
u3_distractor_s9_final,memory_e720f6f085766c182bf0013e35b20eb1a6518e875716d87d2094656e86b2e7a5,style: dressy,SAME_CATEGORY_HARD_NEGATIVE,6,0.13909565796178508,0.019347602063821905,0.1528835345502078
u3_distractor_s9_final,memory_e720f6f085766c182bf0013e35b20eb1a6518e875716d87d2094656e86b2e7a5,style: dressy,SAME_CATEGORY_HARD_NEGATIVE,5,-0.06469306876215856,0.0041851931458653764,0.03307113299128954
u3_distractor_s9_final,memory_e720f6f085766c182bf0013e35b20eb1a6518e875716d87d2094656e86b2e7a5,style: dressy,SAME_CATEGORY_HARD_NEGATIVE,8,0.062245967619280994,0.003874560484860578,0.030616533242726757
u3_distractor_s9_final,memory_14a5f960e539d759c2ad1507c497d7abc25169da178c9a6c1f20215b1cb094b6,pockets: lots,SAME_CATEGORY_HARD_NEGATIVE,1,-0.10740507604918118,0.011535850361130391,0.21947058473646955
u3_distractor_s9_final,memory_14a5f960e539d759c2ad1507c497d7abc25169da178c9a6c1f20215b1cb094b6,pockets: lots,SAME_CATEGORY_HARD_NEGATIVE,12,0.09408094818050222,0.008851224810542345,0.16839534355864536
u3_distractor_s9_final,memory_14a5f960e539d759c2ad1507c497d7abc25169da178c9a6c1f20215b1cb094b6,pockets: lots,SAME_CATEGORY_HARD_NEGATIVE,9,0.07872612636086287,0.0061978029717865485,0.11791375578888263
u3_distractor_s9_final,memory_14a5f960e539d759c2ad1507c497d7abc25169da178c9a6c1f20215b1cb094b6,pockets: lots,SAME_CATEGORY_HARD_NEGATIVE,2,0.06330880722521963,0.004008005072280021,0.0762526549238141
u3_distractor_s9_final,memory_14a5f960e539d759c2ad1507c497d7abc25169da178c9a6c1f20215b1cb094b6,pockets: lots,SAME_CATEGORY_HARD_NEGATIVE,11,-0.06328776460952214,0.004005341149270283,0.07620197355032732
u3_distractor_s9_final,memory_cbf0b3a88f8a66317a98692e948dacc8ffedefe382aa7027f8ea11cf17ec2d12,insulation: insulated,CROSS_DOMAIN_DISTRACTOR,16,0.07795418335540578,0.006076854702608225,0.2701685075584277
u3_distractor_s9_final,memory_cbf0b3a88f8a66317a98692e948dacc8ffedefe382aa7027f8ea11cf17ec2d12,insulation: insulated,CROSS_DOMAIN_DISTRACTOR,5,-0.06847474298366067,0.004688790426678386,0.20845710055997227
u3_distractor_s9_final,memory_cbf0b3a88f8a66317a98692e948dacc8ffedefe382aa7027f8ea11cf17ec2d12,insulation: insulated,CROSS_DOMAIN_DISTRACTOR,8,-0.05100948781935018,0.002601967847592434,0.11567987133168467
u3_distractor_s9_final,memory_cbf0b3a88f8a66317a98692e948dacc8ffedefe382aa7027f8ea11cf17ec2d12,insulation: insulated,CROSS_DOMAIN_DISTRACTOR,4,-0.050819768017945584,0.0025826488213978047,0.1148209742986118
u3_distractor_s9_final,memory_cbf0b3a88f8a66317a98692e948dacc8ffedefe382aa7027f8ea11cf17ec2d12,insulation: insulated,CROSS_DOMAIN_DISTRACTOR,6,0.048950069417411875,0.0023961092959694412,0.10652768646271742
