category,occurrences,depths_seen,depth_occurrences_json
"Clothing, Shoes & Jewelry",49990,1,"{""1"":49990}"
Women,29435,"2,3,4,5","{""2"":26406,""3"":1236,""4"":456,""5"":1337}"
Clothing,20523,"3,4","{""3"":19439,""4"":1084}"
Men,12420,"2,3,4,5","{""2"":9901,""3"":490,""4"":414,""5"":1615}"
Shoes,11810,"3,4,6","{""3"":11351,""4"":338,""6"":121}"
Jewelry,5127,3,"{""3"":5127}"
Accessories,4117,"3,4,5,6","{""3"":3323,""4"":240,""5"":116,""6"":438}"
Novelty & More,3376,2,"{""2"":3376}"
Novelty,3208,4,"{""4"":3208}"
T-Shirts,2807,"5,6,7","{""5"":998,""6"":124,""7"":1685}"
"Tops, Tees & Blouses",2461,4,"{""4"":2461}"
Athletic,2323,4,"{""4"":2323}"
Active,2214,4,"{""4"":2214}"
Sandals,2213,"4,5","{""4"":2195,""5"":18}"
Dresses,2133,"3,4,5,6","{""3"":1,""4"":1925,""5"":135,""6"":72}"
Shirts,2079,"3,4,5,6","{""3"":1,""4"":923,""5"":18,""6"":1137}"
Girls,2051,"2,3,4,5","{""2"":1716,""3"":83,""4"":182,""5"":70}"
"Lingerie, Sleep & Lounge",1478,4,"{""4"":1478}"
Boys,1319,"2,3,4,5","{""2"":1101,""3"":54,""4"":92,""5"":72}"
Earrings,1250,"3,4","{""3"":1,""4"":1249}"
Watches,1165,3,"{""3"":1165}"
Hats & Caps,1155,"4,5,7","{""4"":1016,""5"":54,""7"":85}"
Necklaces,1153,4,"{""4"":1153}"
Westlake,1136,2,"{""2"":1136}"
Boot Shop,1131,2,"{""2"":1131}"
Sport Specific Clothing,1114,2,"{""2"":1114}"
Handbags & Wallets,1112,3,"{""3"":1112}"
Casual,1099,5,"{""5"":1099}"
Baby,1065,"2,4","{""2"":1031,""4"":34}"
Wrist Watches,1034,4,"{""4"":1034}"
Boots,1023,"3,4,5,6","{""3"":1,""4"":1009,""5"":12,""6"":1}"
Fashion Sneakers,1017,4,"{""4"":1017}"
Luggage & Travel Gear,976,2,"{""2"":976}"
Running,964,"3,5","{""3"":86,""5"":878}"
Flats,943,"4,5","{""4"":604,""5"":339}"
Costumes & Accessories,937,2,"{""2"":937}"
Bracelets,915,4,"{""4"":915}"
Sleep & Lounge,882,"4,5,6","{""4"":154,""5"":681,""6"":47}"
Swimsuits & Cover Ups,847,4,"{""4"":847}"
Tops & Tees,828,"4,5,6","{""4"":62,""5"":8,""6"":758}"
Sweaters,805,"4,5,6","{""4"":771,""5"":20,""6"":14}"
Lingerie,770,5,"{""5"":770}"
Sets,761,"5,6,7","{""5"":217,""6"":519,""7"":25}"
Rings,759,"4,6","{""4"":671,""6"":88}"
Sunglasses & Eyewear Accessories,729,4,"{""4"":729}"
Fashion,710,4,"{""4"":710}"
Baby Girls,692,"3,5","{""3"":677,""5"":15}"
Blouses & Button-Down Shirts,691,"5,7","{""5"":683,""7"":8}"
Loafers & Slip-Ons,665,4,"{""4"":665}"
Pumps,630,4,"{""4"":630}"
Pants,581,"4,5,6","{""4"":385,""5"":123,""6"":73}"
"Coats, Jackets & Vests",549,4,"{""4"":549}"
Platforms & Wedges,545,5,"{""5"":545}"
"Uniforms, Work & Safety",544,"2,3","{""2"":31,""3"":513}"
Sunglasses,540,"4,5","{""4"":18,""5"":522}"
Slippers,538,"4,5","{""4"":522,""5"":16}"
Jackets & Coats,534,"4,5,6","{""4"":483,""5"":38,""6"":13}"
Pendant Necklaces,531,5,"{""5"":531}"
Road Running,522,6,"{""6"":522}"
Tunics,521,5,"{""5"":521}"
Drop & Dangle,503,5,"{""5"":503}"
Tanks & Camis,499,"5,6,7","{""5"":393,""6"":3,""7"":103}"
Fashion Hoodies & Sweatshirts,489,4,"{""4"":489}"
Active Shirts & Tees,483,5,"{""5"":483}"
"Wallets, Card Cases & Money Organizers",482,4,"{""4"":482}"
Socks,475,"5,6,7","{""5"":357,""6"":65,""7"":53}"
Costumes,470,"5,6","{""5"":451,""6"":19}"
Jeans,467,"4,6","{""4"":464,""6"":3}"
Socks & Hosiery,461,"4,6","{""4"":410,""6"":51}"
"Shoe, Jewelry & Watch Accessories",446,"1,2","{""1"":10,""2"":436}"
Bras,422,6,"{""6"":422}"
Outdoor & Work,417,4,"{""4"":417}"
Baseball Caps,385,"5,8","{""5"":316,""8"":69}"
Leggings,383,"4,5,6","{""4"":181,""5"":185,""6"":17}"
Ankle & Bootie,382,5,"{""5"":382}"
Body Jewelry,382,4,"{""4"":382}"
Pullovers,379,5,"{""5"":379}"
Underwear,374,"4,5,6","{""4"":357,""5"":6,""6"":11}"
Costumes & Cosplay Apparel,371,4,"{""4"":371}"
Wallets,370,"5,7","{""5"":350,""7"":20}"
Baby Boys,366,"3,5","{""3"":348,""5"":18}"
Stud,358,5,"{""5"":358}"
Walking,342,5,"{""5"":342}"
Sneakers,341,"4,5","{""4"":285,""5"":56}"
Bikinis,337,"5,6,7","{""5"":292,""6"":14,""7"":31}"
Clothing Sets,329,"4,5,6","{""4"":108,""5"":220,""6"":1}"
Heeled Sandals,325,5,"{""5"":325}"
Piercing Jewelry,322,5,"{""5"":322}"
Cardigans,315,5,"{""5"":315}"
Active Pants,313,5,"{""5"":313}"
Shorts,305,"4,5,6","{""4"":231,""5"":20,""6"":54}"
"Jumpsuits, Rompers & Overalls",302,4,"{""4"":302}"
Outdoor,302,4,"{""4"":302}"
Active Shorts,294,5,"{""5"":294}"
Skirts,294,"4,5,6","{""4"":193,""5"":19,""6"":82}"
Casual Button-Down Shirts,288,5,"{""5"":288}"
Hiking & Trekking,284,5,"{""5"":284}"
Mules & Clogs,283,4,"{""4"":283}"
Oxfords,283,4,"{""4"":283}"
Swim,280,"4,5","{""4"":227,""5"":53}"
Athletic Socks,276,5,"{""5"":276}"
Crossbody Bags,271,4,"{""4"":271}"
Belts,260,"4,5,6,7","{""4"":159,""5"":2,""6"":89,""7"":10}"
One-Pieces,259,5,"{""5"":259}"
Cycling,257,"3,5","{""3"":225,""5"":32}"
Shoulder Bags,257,4,"{""4"":257}"
Hoodies,252,6,"{""6"":252}"
Backpacks,251,3,"{""3"":251}"
Tops,250,"3,5,6,7","{""3"":1,""5"":79,""6"":164,""7"":6}"
Statement,249,5,"{""5"":249}"
Flip-Flops,245,5,"{""5"":245}"
Scarves & Wraps,243,"4,5","{""4"":238,""5"":5}"
Snow & Cold Weather,232,5,"{""5"":232}"
Everyday Bras,230,7,"{""7"":230}"
Polos,219,"5,6,7","{""5"":193,""6"":19,""7"":7}"
Charms & Charm Bracelets,208,5,"{""5"":208}"
Jewelry Accessories,208,3,"{""3"":208}"
Kids & Baby,208,3,"{""3"":208}"
Bottoms,203,"5,6,7","{""5"":48,""6"":151,""7"":4}"
Pant Sets,203,"5,6","{""5"":64,""6"":139}"
Team Sports,203,5,"{""5"":203}"
Tees,202,"5,6","{""5"":153,""6"":49}"
Hoop,200,5,"{""5"":200}"
Golf,197,"3,5","{""3"":134,""5"":63}"
Sleepwear & Robes,197,"3,4,5,6","{""3"":1,""4"":145,""5"":48,""6"":3}"
Robes,195,"5,6","{""5"":58,""6"":137}"
Jumpsuits,192,5,"{""5"":192}"
Luggage,190,3,"{""3"":190}"
Slides,190,5,"{""5"":190}"
Totes,188,4,"{""4"":188}"
Work & Utility,187,5,"{""5"":187}"
Chelsea,183,5,"{""5"":183}"
Nightgowns & Sleepshirts,178,"6,7","{""6"":175,""7"":3}"
Shoe Care & Accessories,177,"2,3","{""2"":10,""3"":167}"
Yoga,177,3,"{""3"":177}"
Casual Daypacks,176,4,"{""4"":176}"
Travel Accessories,173,3,"{""3"":173}"
Jewelry Boxes & Organizers,172,4,"{""4"":172}"
Panties,168,"5,6,7","{""5"":18,""6"":149,""7"":1}"
Water Shoes,168,5,"{""5"":168}"
Gloves & Mittens,167,"4,5,7","{""4"":144,""5"":7,""7"":16}"
Sports Bras,166,7,"{""7"":166}"
Charms,164,6,"{""6"":164}"
Cover-Ups,163,"5,6","{""5"":162,""6"":1}"
Riding,162,5,"{""5"":162}"
Basketball,158,"3,5,6","{""3"":25,""5"":26,""6"":107}"
Bodysuits,156,"3,4,5,7","{""3"":2,""4"":25,""5"":102,""7"":27}"
Skullies & Beanies,156,5,"{""5"":156}"
Vests,153,5,"{""5"":153}"
Base Layers & Compression,148,5,"{""5"":148}"
Jackets,147,"3,5,6","{""3"":1,""5"":120,""6"":26}"
Club & Night Out,141,5,"{""5"":141}"
Active & Performance,140,5,"{""5"":140}"
Special Occasion,140,"5,6","{""5"":103,""6"":37}"
Bangle,139,5,"{""5"":139}"
Trail Running,139,"5,6","{""5"":1,""6"":138}"
Mid-Calf,137,5,"{""5"":137}"
Cocktail,136,5,"{""5"":136}"
Fashion Scarves,136,"4,5","{""4"":4,""5"":132}"
Fitness & Cross-Training,136,5,"{""5"":136}"
Hiking Boots,135,6,"{""6"":135}"
Medical,135,"4,5","{""4"":2,""5"":133}"
Suits & Sport Coats,135,"4,5","{""4"":132,""5"":3}"
Boxer Briefs,133,"5,7","{""5"":126,""7"":7}"
Sport Sandals & Slides,132,5,"{""5"":132}"
Formal,131,5,"{""5"":131}"
Pajama Sets,128,"5,6,7","{""5"":110,""6"":16,""7"":2}"
Sweatpants,127,6,"{""6"":127}"
Link,126,"5,7","{""5"":117,""7"":9}"
"Ties, Cummerbunds & Pocket Squares",121,4,"{""4"":121}"
Chains,118,5,"{""5"":118}"
Hiking Shoes,116,6,"{""6"":116}"
Rompers,116,"5,6","{""5"":58,""6"":58}"
Brooches & Pins,114,4,"{""4"":114}"
Work,114,5,"{""5"":114}"
Balaclavas,113,5,"{""5"":113}"
Bead,113,7,"{""7"":113}"
Briefs,113,"5,6,7","{""5"":67,""6"":1,""7"":45}"
Cold Weather Gloves,113,5,"{""5"":113}"
Clutches & Evening Bags,112,4,"{""4"":112}"
Pendants & Coins,112,4,"{""4"":112}"
Suiting & Blazers,112,4,"{""4"":112}"
Fleece,111,"5,6","{""5"":51,""6"":60}"
Jewelry Sets,111,4,"{""4"":111}"
Rain,111,5,"{""5"":111}"
Combat,109,5,"{""5"":109}"
Knee-High,109,5,"{""5"":109}"
Chukka,108,5,"{""5"":108}"
"Keyrings, Keychains & Charms",108,4,"{""4"":108}"
Jerseys,106,5,"{""5"":106}"
Wedding & Engagement,106,4,"{""4"":106}"
Gloves,105,"5,8","{""5"":90,""8"":15}"
Masks,105,"4,5","{""4"":99,""5"":6}"
Cuff,101,5,"{""5"":101}"
Down Jackets & Parkas,101,5,"{""5"":101}"
Skiing,101,3,"{""3"":101}"
Top-Handle Bags,101,4,"{""4"":101}"
Bands,100,5,"{""5"":100}"
"Tops, Tees & Shirts",97,4,"{""4"":97}"
Leather & Faux Leather,95,5,"{""5"":95}"
Western,95,5,"{""5"":95}"
Watch Bands,94,4,"{""4"":94}"
Dress Shirts,93,5,"{""5"":93}"
Tankinis,92,"5,6,7","{""5"":84,""6"":6,""7"":2}"
Active Hoodies,89,5,"{""5"":89}"
Eyewear Frames,88,5,"{""5"":88}"
Soccer,88,"5,6","{""5"":28,""6"":60}"
Dance,87,"3,5","{""3"":75,""5"":12}"
Down & Down Alternative,87,"5,6","{""5"":83,""6"":4}"
Tank Tops,87,"5,6","{""5"":15,""6"":72}"
Jewelry Boxes,85,5,"{""5"":85}"
Short Sets,84,"5,6","{""5"":36,""6"":48}"
Tracksuits,84,6,"{""6"":84}"
Wigs,84,4,"{""4"":84}"
Barbells,83,6,"{""6"":83}"
Pendants Only,83,5,"{""5"":83}"
Skateboarding,83,5,"{""5"":83}"
"Trench, Rain & Anoraks",83,5,"{""5"":83}"
Work Utility & Safety,83,"4,5","{""4"":5,""5"":78}"
Board Shorts,82,"5,6","{""5"":77,""6"":5}"
Exotic Apparel,82,4,"{""4"":82}"
Competitive Swimwear,81,3,"{""3"":81}"
Rash Guard Shirts,81,"5,6","{""5"":80,""6"":1}"
Keychains,80,7,"{""7"":80}"
Lightweight Jackets,80,5,"{""5"":80}"
Blazers,78,5,"{""5"":78}"
Shapewear,78,"5,6","{""5"":3,""6"":75}"
Travel Duffels,78,3,"{""3"":78}"
Chokers,77,5,"{""5"":77}"
Stretch,75,5,"{""5"":75}"
Tennis & Racquet Sports,74,5,"{""5"":74}"
Motorcycle,73,5,"{""5"":73}"
Umbrellas,73,3,"{""3"":73}"
Trunks,72,"5,6,7","{""5"":56,""6"":14,""7"":2}"
Anklets,71,4,"{""4"":71}"
Footies & Rompers,71,5,"{""5"":71}"
Military,71,"4,5","{""4"":5,""5"":66}"
Evening Bags,70,5,"{""5"":70}"
Maternity,70,3,"{""3"":70}"
Sleep Bottoms,68,5,"{""5"":68}"
Buttons & Pins,66,7,"{""7"":66}"
Neckties,66,"4,5,7","{""4"":2,""5"":51,""7"":13}"
Shoelaces,66,4,"{""4"":66}"
Sun Hats,66,"5,8","{""5"":64,""8"":2}"
Thermal Underwear,64,5,"{""5"":64}"
Card & ID Cases,61,5,"{""5"":61}"
Compression Pants & Tights,61,6,"{""6"":61}"
Hiking & Outdoor Recreation,61,3,"{""3"":61}"
Necklaces & Pendants,61,4,"{""4"":61}"
Replacement Sunglass Lenses,61,5,"{""5"":61}"
Satchels,61,4,"{""4"":61}"
Gym Bags,60,3,"{""3"":60}"
Pendants,60,"4,5","{""4"":9,""5"":51}"
Watch Accessories,60,3,"{""3"":60}"
Headwear,58,5,"{""5"":58}"
Messenger Bags,58,3,"{""3"":58}"
Scrub Tops,58,6,"{""6"":58}"
Active Sweatshirts,57,5,"{""5"":57}"
Packing Organizers,57,4,"{""4"":57}"
Tights,57,5,"{""5"":57}"
Headbands,55,5,"{""5"":55}"
Henleys,55,5,"{""5"":55}"
"Tights, Pants & Shorts",55,5,"{""5"":55}"
Carry-Ons,54,4,"{""4"":54}"
Denim,54,"5,6","{""5"":41,""6"":13}"
Track & Active Jackets,53,5,"{""5"":53}"
Calf Socks,52,6,"{""6"":52}"
Skirts & Skorts,52,"4,5","{""4"":12,""5"":40}"
Wraps & Pashminas,52,5,"{""5"":52}"
Overalls,50,"4,5,6","{""4"":3,""5"":43,""6"":4}"
Suitcases,50,4,"{""4"":50}"
Active Base Layers,49,5,"{""5"":49}"
Raincoats,49,6,"{""6"":49}"
Toddler Test,48,2,"{""2"":48}"
Dress,47,5,"{""5"":47}"
Flat Front,47,5,"{""5"":47}"
Industrial & Construction Boots,47,6,"{""6"":47}"
Kids' Backpacks,47,4,"{""4"":47}"
One-Piece Suits,47,5,"{""5"":47}"
Sweatshirts,47,6,"{""6"":47}"
Wedding Rings,47,4,"{""4"":47}"
Work & Safety,47,5,"{""5"":47}"
Cargo,46,5,"{""5"":46}"
Casual Jackets,46,5,"{""5"":46}"
Shearling,46,5,"{""5"":46}"
Slipper Socks,46,5,"{""5"":46}"
Strand,46,5,"{""5"":46}"
Undershirts,46,5,"{""5"":46}"
Fedoras,45,5,"{""5"":45}"
Active Tracksuits,44,6,"{""6"":44}"
Shoe Decoration Charms,44,4,"{""4"":44}"
Special Occasion Accessories,44,4,"{""4"":44}"
Scarves,43,"4,7","{""4"":36,""7"":7}"
Sport Coats & Blazers,43,5,"{""5"":43}"
Tanks Tops,43,7,"{""7"":43}"
Ballet & Dance,42,5,"{""5"":42}"
Clutches,42,5,"{""5"":42}"
Cold Weather Scarves & Wraps,42,5,"{""5"":42}"
Fur & Faux Fur,42,5,"{""5"":42}"
Wristlets,42,4,"{""4"":42}"
Luggage Tags & Handle Wraps,41,4,"{""4"":41}"
Neck Gaiters,41,5,"{""5"":41}"
Suits,41,"5,6","{""5"":39,""6"":2}"
Coin Purses & Pouches,40,5,"{""5"":40}"
Plugs,40,6,"{""6"":40}"
Luggage Tags,39,5,"{""5"":39}"
Snow & Rainwear,39,"4,5","{""4"":19,""5"":20}"
Wool & Pea Coats,39,5,"{""5"":39}"
Clogs & Mules,38,"4,5","{""4"":35,""5"":3}"
Cuffs & Wraps,38,5,"{""5"":38}"
Wrap,38,5,"{""5"":38}"
Camisoles & Tanks,37,6,"{""6"":37}"
Playwear,37,6,"{""6"":37}"
Sleep Sets,37,5,"{""5"":37}"
Stacking,37,5,"{""5"":37}"
Track Pants,37,6,"{""6"":37}"
Tunnels,37,6,"{""6"":37}"
Cuff Links,36,4,"{""4"":36}"
Hobo Bags,36,4,"{""4"":36}"
Kids Shoes Union,36,2,"{""2"":36}"
Props,36,3,"{""3"":36}"
Boxers,35,"5,6,7","{""5"":31,""6"":2,""7"":2}"
Charm Bracelets,35,6,"{""6"":35}"
Eyeglass Cases,35,5,"{""5"":35}"
Fascinators,34,5,"{""5"":34}"
Fashion Backpacks,34,4,"{""4"":34}"
Leg Warmers,34,5,"{""5"":34}"
Newsboy Caps,34,5,"{""5"":34}"
Outerwear,34,6,"{""6"":34}"
Shells,34,6,"{""6"":34}"
Suit Sets,34,5,"{""5"":34}"
Bandanas,33,7,"{""7"":33}"
Bow Ties,33,"4,5,7","{""4"":3,""5"":29,""7"":1}"
Handbag Accessories,33,4,"{""4"":33}"
No Show & Liner Socks,33,6,"{""6"":33}"
Card Cases,32,6,"{""6"":32}"
Top 50 by Product Type,32,2,"{""2"":32}"
Wear to Work,32,5,"{""5"":32}"
Body Chains,31,5,"{""5"":31}"
Button-Down Shirts,31,"5,6,7","{""5"":18,""6"":8,""7"":5}"
Folding Umbrellas,31,4,"{""4"":31}"
Scrub Bottoms,31,6,"{""6"":31}"
Slips,31,"5,6","{""5"":3,""6"":28}"
Stick Umbrellas,31,4,"{""4"":31}"
Two-Pieces,31,"5,6","{""5"":21,""6"":10}"
Windbreakers,31,6,"{""6"":31}"
Sheers,30,5,"{""5"":30}"
Tie Sets,30,5,"{""5"":30}"
Weapons & Armor,30,4,"{""4"":30}"
Cold Weather,29,4,"{""4"":29}"
Cowboy Hats,29,"5,8","{""5"":28,""8"":1}"
Jewelry Trays,29,5,"{""5"":29}"
One-Piece Pajamas,29,7,"{""7"":29}"
Plus-Size Fashion,29,2,"{""2"":29}"
Sports Duffels,29,4,"{""4"":29}"
Strands,29,5,"{""5"":29}"
Suspenders,29,4,"{""4"":29}"
Swimwear TEST,29,2,"{""2"":29}"
Boy Shorts,28,"7,8","{""7"":27,""8"":1}"
Cotton,28,6,"{""6"":28}"
Food Service,28,"4,5","{""4"":15,""5"":13}"
Loafers,28,4,"{""4"":28}"
Loose Gemstones,28,4,"{""4"":28}"
Nursing,28,4,"{""4"":28}"
Hipsters,27,7,"{""7"":27}"
Jewelry Towers,27,5,"{""5"":27}"
Luggage Sets,27,4,"{""4"":27}"
Wedding Bands,27,5,"{""5"":27}"
Women's Plus-Size Apparel,27,2,"{""2"":27}"
Baby Dolls & Chemises,26,6,"{""6"":26}"
Blanket Sleepers,26,"5,6","{""5"":5,""6"":21}"
"Robes, Capes & Jackets",26,5,"{""5"":26}"
Waist Packs,26,3,"{""3"":26}"
Skirt Sets,25,"5,6","{""5"":5,""6"":20}"
Snowboarding,25,3,"{""3"":25}"
Studs,25,6,"{""6"":25}"
Swimwear,25,6,"{""6"":25}"
Trench Coats,25,6,"{""6"":25}"
Briefcases,24,3,"{""3"":24}"
Control Panties,24,7,"{""7"":24}"
Customers' Most-Loved: Sweaters Under $30 pASIN Test,24,2,"{""2"":24}"
G-Strings & Thongs,24,"5,7","{""5"":8,""7"":16}"
Pants & Capris,24,"4,6","{""4"":8,""6"":16}"
Trench & Rain,24,5,"{""5"":24}"
Bustiers & Corsets,23,6,"{""6"":23}"
Clip-Ons,23,5,"{""5"":23}"
Insulated,23,6,"{""6"":23}"
Repair Tools & Kits,23,4,"{""4"":23}"
Socks & Tights,23,"4,6","{""4"":21,""6"":2}"
Wool & Blends,23,5,"{""5"":23}"
Y-Necklaces,23,5,"{""5"":23}"
Accessory Sets,22,5,"{""5"":22}"
Active Skirts,22,6,"{""6"":22}"
Cabinets & Cases,22,4,"{""4"":22}"
Engagement Rings,22,5,"{""5"":22}"
Half Slips,22,7,"{""7"":22}"
Lingerie Sets,22,6,"{""6"":22}"
Lockets,22,5,"{""5"":22}"
Nightgowns,22,"4,5,6","{""4"":1,""5"":12,""6"":9}"
Scrub Sets,22,6,"{""6"":22}"
Shrugs,22,5,"{""5"":22}"
Swimwear Sets,22,"5,6","{""5"":14,""6"":8}"
Bucket Hats,21,5,"{""5"":21}"
Business Card Cases,21,6,"{""6"":21}"
Denim Jackets,21,5,"{""5"":21}"
Eyeglass Chains,21,5,"{""5"":21}"
Tennis,21,"3,5","{""3"":6,""5"":15}"
Bowling,20,5,"{""5"":20}"
Bridal Sets,20,5,"{""5"":20}"
Everyday Apparel Essentials,20,2,"{""2"":20}"
Handbag Organizers,20,5,"{""5"":20}"
Health Care & Food Service,20,5,"{""5"":20}"
Keyrings & Keychains,20,4,"{""4"":20}"
One Pieces,20,6,"{""6"":20}"
Shorts & Trunks,20,5,"{""5"":20}"
Travel Totes,20,3,"{""3"":20}"
Compression Socks,19,6,"{""6"":19}"
Drawstring Bags,19,4,"{""4"":19}"
Girls Sneakers,19,3,"{""3"":19}"
Graduation Cohort 4 - Daily,19,2,"{""2"":19}"
Toe Rings,19,5,"{""5"":19}"
Active Sweatsuits,18,6,"{""6"":18}"
Belt Buckles,18,7,"{""7"":18}"
Charm,18,5,"{""5"":18}"
Equestrian Sports,18,3,"{""3"":18}"
MFN ONLY V2,18,2,"{""2"":18}"
Pearl Strands,18,5,"{""5"":18}"
Rash Guard Sets,18,"6,7","{""6"":13,""7"":5}"
Soccer & Futsal,18,3,"{""3"":18}"
Bibs & Pants,17,5,"{""5"":17}"
Climbing,17,5,"{""5"":17}"
Liners & Ankle Socks,17,6,"{""6"":17}"
Mittens,17,5,"{""5"":17}"
Night Out,17,5,"{""5"":17}"
Shoe & Boot Trees,17,4,"{""4"":17}"
Tights & Pants,17,6,"{""6"":17}"
Waist Cinchers,17,7,"{""7"":17}"
Active Skorts,16,6,"{""6"":16}"
Applique Patches,16,7,"{""7"":16}"
Baseball & Softball,16,"5,6","{""5"":5,""6"":11}"
Clasp,16,7,"{""7"":16}"
Eternity Rings,16,5,"{""5"":16}"
Hoodies & Active,16,5,"{""5"":16}"
Jammers,16,5,"{""5"":16}"
Over-the-Knee,16,5,"{""5"":16}"
PattyBoutik Apparel,16,2,"{""2"":16}"
Snow Suits,16,"5,6","{""5"":7,""6"":9}"
Women's Swimwear,16,3,"{""3"":16}"
Luggage Straps,15,4,"{""4"":15}"
Quilted Lightweight Jackets,15,5,"{""5"":15}"
Rain Footwear,15,5,"{""5"":15}"
Rain Jackets,15,"5,6","{""5"":9,""6"":6}"
Sport Sandals,15,5,"{""5"":15}"
Tie Clips,15,4,"{""4"":15}"
Women's Halloween Costumes,15,2,"{""2"":15}"
Insulated Shells,14,6,"{""6"":14}"
Money Clips,14,5,"{""5"":14}"
Screws,14,6,"{""6"":14}"
Scrub Jackets,14,6,"{""6"":14}"
Shoe Care Treatments & Dyes,14,"3,4","{""3"":10,""4"":4}"
Sport Headbands,14,4,"{""4"":14}"
Track & Field & Cross Country,14,6,"{""6"":14}"
Footies,13,6,"{""6"":13}"
Footwear,13,"4,5","{""4"":11,""5"":2}"
Martial Arts,13,3,"{""3"":13}"
Overalls & Coveralls,13,6,"{""6"":13}"
Passport Covers,13,4,"{""4"":13}"
Pocket Watches,13,4,"{""4"":13}"
Travel Wallets,13,4,"{""4"":13}"
American Football,12,3,"{""3"":12}"
Baseball,12,3,"{""3"":12}"
Beanies & Knit Hats,12,8,"{""8"":12}"
Casual & Dress Socks,12,5,"{""5"":12}"
Cold Weather Headbands,12,5,"{""5"":12}"
Handbag Hangers,12,5,"{""5"":12}"
Identification,12,5,"{""5"":12}"
Jewelry Armoires,12,5,"{""5"":12}"
Mary Jane,12,6,"{""6"":12}"
Motorcycle & Combat,12,5,"{""5"":12}"
Women's Apparel,12,2,"{""2"":12}"
Wrestling,12,5,"{""5"":12}"
Arm Warmers,11,5,"{""5"":11}"
Ball,11,5,"{""5"":11}"
Business Pricing & Quantity Discounts,11,2,"{""2"":11}"
Clearance,11,2,"{""2"":11}"
Compression Shorts,11,6,"{""6"":11}"
Earmuffs,11,"4,5","{""4"":10,""5"":1}"
Fashion-forward finds,11,2,"{""2"":11}"
Football,11,"5,6","{""5"":2,""6"":9}"
Healthcare Uniforms,11,"2,3","{""2"":6,""3"":5}"
Shoe Treatments & Polishes,11,"4,5","{""4"":10,""5"":1}"
Tapers,11,6,"{""6"":11}"
Aprons,10,5,"{""5"":10}"
Backpacking Boots,10,6,"{""6"":10}"
Berets,10,5,"{""5"":10}"
Chef Jackets,10,6,"{""6"":10}"
Collars,10,5,"{""5"":10}"
Faux Body Piercing Jewelry,10,5,"{""5"":10}"
Handkerchiefs,10,4,"{""4"":10}"
Hunting,10,5,"{""5"":10}"
Minimizers,10,7,"{""7"":10}"
School Uniforms,10,"3,4","{""3"":9,""4"":1}"
Snake,10,7,"{""7"":10}"
Training Bras,10,5,"{""5"":10}"
Visors,10,"5,8","{""5"":9,""8"":1}"
Amazon Fashion 3,9,2,"{""2"":9}"
Anoraks,9,6,"{""6"":9}"
Checkbook Covers,9,5,"{""5"":9}"
Garment Bags,9,4,"{""4"":9}"
Pads & Enhancers,9,7,"{""7"":9}"
Suit Separates,9,5,"{""5"":9}"
Watch Winders,9,4,"{""4"":9}"
Wedding Dresses,9,5,"{""5"":9}"
Active Underwear,8,5,"{""5"":8}"
Adhesive Bras,8,7,"{""7"":8}"
Bomber Hats,8,5,"{""5"":8}"
Breeches,8,5,"{""5"":8}"
Bridal Accessories,8,5,"{""5"":8}"
Bridal Veils,8,6,"{""6"":8}"
Cardigan,8,5,"{""5"":8}"
Dress Coats,8,5,"{""5"":8}"
Gym Totes,8,4,"{""4"":8}"
Handbags & Shoulder Bags,8,3,"{""3"":8}"
Ice & Snow Grips,8,4,"{""4"":8}"
Ice Hockey,8,3,"{""3"":8}"
Ice Skating,8,3,"{""3"":8}"
Kids' and Baby Halloween Costumes,8,2,"{""2"":8}"
Kids' Luggage,8,4,"{""4"":8}"
Layette Sets,8,5,"{""5"":8}"
Military & Tactical,8,5,"{""5"":8}"
Pullover,8,5,"{""5"":8}"
Shoe Horns & Boot Jacks,8,4,"{""4"":8}"
Sport Watches,8,2,"{""2"":8}"
Tie Pins,8,4,"{""4"":8}"
Under $30,8,2,"{""2"":8}"
Varsity Jackets,8,6,"{""6"":8}"
Volleyball,8,6,"{""6"":8}"
Athletic & Outdoor,7,5,"{""5"":7}"
Athletic Supporters,7,5,"{""5"":7}"
Cheerleading,7,3,"{""3"":7}"
Cold Weather Scarves,7,5,"{""5"":7}"
Intimates,7,4,"{""4"":7}"
Jewelry Rolls,7,5,"{""5"":7}"
Jiu-Jitsu,7,4,"{""4"":7}"
Luggage Locks,7,4,"{""4"":7}"
Luggage Scales,7,4,"{""4"":7}"
On Sale Now,7,2,"{""2"":7}"
Passport Wallets,7,4,"{""4"":7}"
Tuxedos,7,"5,6","{""5"":6,""6"":1}"
Under $50,7,2,"{""2"":7}"
100% Plus (No Title Match),6,2,"{""2"":6}"
Active Dresses,6,5,"{""5"":6}"
Bib Shorts,6,6,"{""6"":6}"
Bibs,6,6,"{""6"":6}"
"Bloomers, Diaper Covers & Underwear",6,5,"{""5"":6}"
Bolo Ties,6,5,"{""5"":6}"
Boys Athletic,6,3,"{""3"":6}"
Boys' Swimwear,6,3,"{""3"":6}"
Equestrian Sport Boots,6,5,"{""5"":6}"
Full Slips,6,7,"{""7"":6}"
ID Cases,6,6,"{""6"":6}"
Italian Style,6,7,"{""7"":6}"
Kids Shoes,6,2,"{""2"":6}"
Lab Coats,6,6,"{""6"":6}"
Men's Halloween Costumes,6,2,"{""2"":6}"
Motorcycle & ATV Casual Footwear,6,2,"{""2"":6}"
Oxford & Derby,6,5,"{""5"":6}"
Promise Rings,6,5,"{""5"":6}"
Racquet Sports,6,5,"{""5"":6}"
Retainers,6,6,"{""6"":6}"
Shoe Bags,6,4,"{""4"":6}"
Shoe Brushes,6,4,"{""4"":6}"
Smartwatches,6,4,"{""4"":6}"
Snow Pants & Bibs,6,"5,6","{""5"":3,""6"":3}"
Suit Jackets,6,6,"{""6"":6}"
Swim Diapers,6,6,"{""6"":6}"
Two-Piece Suits,6,5,"{""5"":6}"
Women's Comfort Shoes FA Test,6,2,"{""2"":6}"
Bra Extenders,5,7,"{""7"":5}"
Breast Petals,5,7,"{""7"":5}"
Cover-Ups & Wraps,5,5,"{""5"":5}"
Designer Shoes & Handbags,5,2,"{""2"":5}"
Dresses Under $50,5,"2,3","{""2"":4,""3"":1}"
Gemstones,5,2,"{""2"":5}"
Gymnastics,5,3,"{""3"":5}"
Hats,5,5,"{""5"":5}"
Jumpsuits & Rompers,5,4,"{""4"":5}"
Knits & Tees,5,6,"{""6"":5}"
Men's Watches Under $50,5,2,"{""2"":5}"
Pocket Watch Chains,5,4,"{""4"":5}"
"Prime Day: 30% off Select Clothing, Shoes & More for Men, Women, Kids & Baby",5,2,"{""2"":5}"
Shirt Studs,5,4,"{""4"":5}"
Shoe Dryers,5,4,"{""4"":5}"
Shoe Polishes,5,5,"{""5"":5}"
"Skirts, Skooters & Skorts",5,6,"{""6"":5}"
Softball,5,3,"{""3"":5}"
Sunsuits,5,6,"{""6"":5}"
Test Color,5,2,"{""2"":5}"
Water & Stain Treatments,5,5,"{""5"":5}"
Women's Dresses Under $25,5,2,"{""2"":5}"
Women's Sandal Markdowns,5,2,"{""2"":5}"
Workout Top & Bottom Sets,5,6,"{""6"":5}"
Boys Active,4,3,"{""3"":4}"
Caps,4,6,"{""6"":4}"
Clothing Outlet,4,2,"{""2"":4}"
Cover-Up Sets,4,"6,7","{""6"":1,""7"":3}"
Earring Jackets,4,5,"{""5"":4}"
Eyewear,4,5,"{""5"":4}"
Feather Boas,4,4,"{""4"":4}"
Girls Apparel,4,"2,3","{""2"":3,""3"":1}"
"Girls Boots, Clogs & Mules",4,3,"{""3"":4}"
Girls Sandals & Pumps,4,3,"{""3"":4}"
Hats & Headwear,4,5,"{""5"":4}"
Hosiery,4,6,"{""6"":4}"
Karate,4,4,"{""4"":4}"
Kids,4,4,"{""4"":4}"
Kids Activewear,4,2,"{""2"":4}"
Leotards,4,5,"{""5"":4}"
Markdowns,4,2,"{""2"":4}"
MFN Only,4,2,"{""2"":4}"
Pajama Bottoms,4,5,"{""5"":4}"
Rain Hats,4,5,"{""5"":4}"
Sleep Tops,4,5,"{""5"":4}"
Snow Boots,4,5,"{""5"":4}"
Softball & Baseball,4,6,"{""6"":4}"
Sunglasses & Eyewear,4,7,"{""7"":4}"
Tankini Sets,4,7,"{""7"":4}"
Teddies & Bodysuits,4,6,"{""6"":4}"
Unisex Baby Clothing,4,2,"{""2"":4}"
Wind & Rain,4,6,"{""6"":4}"
4th of July Up to 60% Off,3,2,"{""2"":3}"
Active Vests,3,5,"{""5"":3}"
Anniversary Rings,3,5,"{""5"":3}"
Apparel and accessories Made in Italy,3,2,"{""2"":3}"
Bib Pants,3,6,"{""6"":3}"
Bloomers,3,6,"{""6"":3}"
Boxing,3,3,"{""3"":3}"
Button-Down & Dress Shirts,3,6,"{""6"":3}"
Cleaning & Care,3,4,"{""4"":3}"
Diamonds,3,2,"{""2"":3}"
Field Hockey & Lacrosse,3,6,"{""6"":3}"
Green Lit 241,3,2,"{""2"":3}"
Green Monday | 30% Off for Men,3,2,"{""2"":3}"
Green Monday | 30% Off for Women,3,2,"{""2"":3}"
Handbags Under $30,3,2,"{""2"":3}"
Lingerie Semi-Annual Savings,3,2,"{""2"":3}"
Men's Swimwear,3,3,"{""3"":3}"
Nursing & Maternity Bras,3,5,"{""5"":3}"
Oxford & Loafer,3,6,"{""6"":3}"
Oxfords & Loafers,3,5,"{""5"":3}"
Prime Wardrobe: Columbia Try Before You Buy,3,2,"{""2"":3}"
Ring Enhancers,3,5,"{""5"":3}"
Rugby,3,"3,6","{""3"":2,""6"":1}"
Shoe Care Kits,3,5,"{""5"":3}"
Shop by Designer,3,2,"{""2"":3}"
"Street, Surf & Skate",3,2,"{""2"":3}"
Suit Pants,3,6,"{""6"":3}"
Tights & Hosiery,3,4,"{""4"":3}"
Tops & Corsets,3,5,"{""5"":3}"
20% Off Prime Members Exclusive | Men,2,2,"{""2"":2}"
Amazon Fashion Sales & Deals,2,2,"{""2"":2}"
Bags Made in Italy,2,4,"{""4"":2}"
Belly Bands,2,5,"{""5"":2}"
Big Kid Size 7,2,2,"{""2"":2}"
Bodystockings,2,6,"{""6"":2}"
Boys Sneakers (no fs),2,3,"{""3"":2}"
California Costumes,2,2,"{""2"":2}"
Casual Dresses Under $50,2,2,"{""2"":2}"
Collar Stays,2,4,"{""4"":2}"
Cravats,2,5,"{""5"":2}"
Facial Hair,2,4,"{""4"":2}"
Fashion Watches,2,2,"{""2"":2}"
Food Service Shoes,2,4,"{""4"":2}"
Food Service Uniforms,2,3,"{""3"":2}"
Fun World Costumes,2,2,"{""2"":2}"
"Girls Sneakers (fs, no puma)",2,3,"{""3"":2}"
Girls Swimwear 2,2,3,"{""3"":2}"
Girls' Swimwear,2,3,"{""3"":2}"
Green Lit 197,2,2,"{""2"":2}"
Green Lit 641,2,2,"{""2"":2}"
Jackets and Coats,2,3,"{""3"":2}"
Kids Swimwear,2,2,"{""2"":2}"
Kids' Clothing,2,2,"{""2"":2}"
Kids' Shoes Markdown,2,2,"{""2"":2}"
Kids' Watches,2,2,"{""2"":2}"
Leg Warmers & Hosiery,2,5,"{""5"":2}"
"Makeup, Facial Hair & Adhesives",2,3,"{""3"":2}"
Men's fashion Made in Italy,2,3,"{""3"":2}"
Motorcycle & ATV Casual Wear,2,2,"{""2"":2}"
New Looks from Prime Wardrobe,2,2,"{""2"":2}"
Outlet: Clothing,2,3,"{""3"":2}"
Pleated,2,5,"{""5"":2}"
Premium Fashion Testing,2,2,"{""2"":2}"
Prime Day: 30% off select fashion,2,2,"{""2"":2}"
Restaurant Store,2,2,"{""2"":2}"
Shirts Under $30,2,2,"{""2"":2}"
Splurgeworthy Womens Shoes,2,2,"{""2"":2}"
Straps,2,7,"{""7"":2}"
Tees & Tops for College under $25,2,2,"{""2"":2}"
"Top 1,000 3P ASINs Under $15",2,2,"{""2"":2}"
Trunks & Shorts,2,6,"{""6"":2}"
Tuxedo Shirts,2,5,"{""5"":2}"
Ugly Holiday Sweaters (and More) for the Family,2,2,"{""2"":2}"
"Undershirts, Tanks & Camisoles",2,5,"{""5"":2}"
Up to 20% Off Select Jewelry & Watches,2,2,"{""2"":2}"
Veterans Day Savings: 20% or More Off,2,2,"{""2"":2}"
Wallets & Money Organizers,2,4,"{""4"":2}"
Women's Festive Wear,2,2,"{""2"":2}"
$50 and Under Backpacks,1,2,"{""2"":1}"
100% Plus & Featured Brands,1,2,"{""2"":1}"
20% Off $100 Women's & Men's,1,2,"{""2"":1}"
20% Off $80 Women's Shoes & Handbags,1,2,"{""2"":1}"
20% Off President's Day Savings | Kids & Baby,1,2,"{""2"":1}"
20% Off Prime Members Exclusive | Kids,1,2,"{""2"":1}"
25% Off Harley Davidson Footwear,1,2,"{""2"":1}"
"4+ Stars: Clothes, Shoes and Jewelry",1,2,"{""2"":1}"
Adult Apparel,1,2,"{""2"":1}"
Amazon Private and Exclusive Brands,1,2,"{""2"":1}"
Associates top products,1,2,"{""2"":1}"
Baby Boys Shoes Union,1,3,"{""3"":1}"
Baby Boys' Swimwear,1,3,"{""3"":1}"
Baby Girls' Clothes Under $10,1,2,"{""2"":1}"
Baby Girls' Outerwear,1,2,"{""2"":1}"
Baby Girls' Swimwear,1,3,"{""3"":1}"
Backpacks Under $25,1,2,"{""2"":1}"
Backpacks Under $50,1,2,"{""2"":1}"
Ballet,1,6,"{""6"":1}"
BIBA End of Season Sale,1,2,"{""2"":1}"
Big Kid Size 8,1,2,"{""2"":1}"
Birthstone Jewelry Gifts,1,2,"{""2"":1}"
"Boys Sneakers (fs, no puma)",1,3,"{""3"":1}"
Boys' Character Shop,1,2,"{""2"":1}"
Build Your Wardrobe: Cardigans for Her,1,2,"{""2"":1}"
Bulk Buying & Case Packs,1,2,"{""2"":1}"
Cat T-Shirts,1,2,"{""2"":1}"
Chef Pants,1,6,"{""6"":1}"
Christening,1,5,"{""5"":1}"
Civil Service,1,4,"{""4"":1}"
Clothing Coinstar Exclusive,1,2,"{""2"":1}"
Clothing Outlet for Rank,1,2,"{""2"":1}"
Coats & Jackets under $75,1,2,"{""2"":1}"
Commuter Pass Cases,1,6,"{""6"":1}"
Compression Arm Sleeves,1,6,"{""6"":1}"
Cross-Body Sling Bags,1,4,"{""4"":1}"
Cummerbunds,1,5,"{""5"":1}"
Curated Brands: Plus Size,1,2,"{""2"":1}"
Deal of the Day: Up to 40% Off Men's PUMA Sneakers,1,2,"{""2"":1}"
Diamond Jewelry starting $49,1,2,"{""2"":1}"
Diamond Jewelry Store,1,2,"{""2"":1}"
Dresses & Jumpers,1,5,"{""5"":1}"
Dresses- Checks,1,2,"{""2"":1}"
Editor's Picks: Women's New Arrivals,1,2,"{""2"":1}"
Electric Shoe Polishers,1,4,"{""4"":1}"
Expert Beauty Trends,1,2,"{""2"":1}"
Fall-Ready Shirtdresses,1,2,"{""2"":1}"
Family Athleisure,1,2,"{""2"":1}"
Fashion Gift Guide: For the Master of Make-Believe,1,2,"{""2"":1}"
Feminine Spring Blouses,1,2,"{""2"":1}"
Fine Jewelry for Women,1,2,"{""2"":1}"
"Free One-Day Shipping on Jewelry, Watches, & More",1,2,"{""2"":1}"
Garter Belts,1,7,"{""7"":1}"
Garters & Garter Belts,1,6,"{""6"":1}"
Girls Athletic & Oxfords,1,3,"{""3"":1}"
Girls Flats & Loafers,1,3,"{""3"":1}"
Girls Leggings,1,3,"{""3"":1}"
Girls Pants,1,3,"{""3"":1}"
Girls Sneakers (no fs),1,3,"{""3"":1}"
Girls' School Essentials,1,2,"{""2"":1}"
Girls' Sneakers under $35,1,2,"{""2"":1}"
Graduation Cohort 1 - Daily,1,2,"{""2"":1}"
Hand Fans,1,4,"{""4"":1}"
HG Frequent Plus 4+ Stars,1,2,"{""2"":1}"
Holiday Together: Holiday Happy,1,2,"{""2"":1}"
Kids Apparel,1,2,"{""2"":1}"
Kids Sleepwear & Robes,1,2,"{""2"":1}"
Kids Sweaters,1,2,"{""2"":1}"
Knee-High Socks,1,6,"{""6"":1}"
Kung Fu,1,4,"{""4"":1}"
Lee Lowest Prices Of The Season,1,2,"{""2"":1}"
Luggage Handle Wraps,1,5,"{""5"":1}"
Made in USA,1,2,"{""2"":1}"
Memorial Day Savings 2016,1,2,"{""2"":1}"
Men's Action Sport Watches,1,2,"{""2"":1}"
Men's Activewear: Bottoms,1,2,"{""2"":1}"
Men's Denim Updates,1,2,"{""2"":1}"
Men's Off-to-College Essentials,1,2,"{""2"":1}"
Men's Outerwear: Parka,1,2,"{""2"":1}"
Men's Shorts Under $25 - Prod,1,2,"{""2"":1}"
Men's Slippers Under $40,1,2,"{""2"":1}"
Most Gifted Styles,1,2,"{""2"":1}"
Must See Deals,1,2,"{""2"":1}"
Nightshirts,1,5,"{""5"":1}"
Not-Your-Mother's Cableknit,1,2,"{""2"":1}"
Off to College Fashion,1,2,"{""2"":1}"
Old Glory Exclusives,1,2,"{""2"":1}"
Over $50,1,2,"{""2"":1}"
Paddle Fans,1,5,"{""5"":1}"
"Pajamas, Loungewear & More",1,2,"{""2"":1}"
PD23_All fashion deals running on all of lead up v5,1,2,"{""2"":1}"
Pendant Enhancers,1,5,"{""5"":1}"
Plain Silver Jewelry,1,2,"{""2"":1}"
Pocket Squares,1,5,"{""5"":1}"
PP Boots Under $75,1,2,"{""2"":1}"
PP Slippers Under $40,1,2,"{""2"":1}"
Premium Tops,1,2,"{""2"":1}"
Pretty Winter Floral Prints,1,2,"{""2"":1}"
Prime Wardrobe: Levi's Try Before You Buy,1,2,"{""2"":1}"
Prime Wardrobe: New Arrivals,1,2,"{""2"":1}"
Prime Wardrobe: Under Armour,1,2,"{""2"":1}"
Prom,1,2,"{""2"":1}"
Prom- Dresses,1,2,"{""2"":1}"
Rain Boots,1,5,"{""5"":1}"
Rhinestones earrings,1,2,"{""2"":1}"
Ring Sizers,1,4,"{""4"":1}"
Save up to X% on Burt's Bees,1,2,"{""2"":1}"
Shoe Measuring Devices,1,4,"{""4"":1}"
Shop by Occasion for Her: Vacation,1,2,"{""2"":1}"
Shop Your Style: Classic,1,2,"{""2"":1}"
Shopbop September 2019 EOTS,1,2,"{""2"":1}"
Ski Suits,1,5,"{""5"":1}"
"Skirts, Scooters & Skorts",1,5,"{""5"":1}"
Skorts,1,6,"{""6"":1}"
Softshell Jackets,1,6,"{""6"":1}"
Special Occasion Gloves,1,4,"{""4"":1}"
Students' Top Rated,1,2,"{""2"":1}"
Sunglasses Starting at $15,1,2,"{""2"":1}"
Swim Pants,1,5,"{""5"":1}"
Tactical boots,1,2,"{""2"":1}"
Taekwondo,1,4,"{""4"":1}"
Take 25% Off | Holiday Savings for Women,1,2,"{""2"":1}"
The Women's Warm-Weather Edit,1,2,"{""2"":1}"
Toddler Size 6,1,2,"{""2"":1}"
Toddler Size 7,1,2,"{""2"":1}"
Toddler Size 8,1,2,"{""2"":1}"
Top Brands Under $149,1,2,"{""2"":1}"
Top Gifts for the Family: Colorful Crocs,1,2,"{""2"":1}"
Top Rated Fashion Capital Favorites,1,2,"{""2"":1}"
Total Sleepwear & Robes,1,3,"{""3"":1}"
Total Sweaters,1,3,"{""3"":1}"
TurboTax Refund Bonus Exclusive: 20% Off Select Shoes,1,2,"{""2"":1}"
Undershorts,1,6,"{""6"":1}"
Uniform Dress Shoes,1,5,"{""5"":1}"
"Up to 30% off select shoes from Clarks, ECCO, and more",1,2,"{""2"":1}"
"Up to 30% off Shoes, Handbags and More",1,2,"{""2"":1}"
Up to 70% Off Men's Mid-Summer Savings,1,2,"{""2"":1}"
Walking Sticks & Canes,1,4,"{""4"":1}"
Wands,1,4,"{""4"":1}"
Wide Leg Pants,1,2,"{""2"":1}"
Women's Activewear Under $25,1,2,"{""2"":1}"
Women's Boots Under $75,1,2,"{""2"":1}"
Women's Fall Boots,1,2,"{""2"":1}"
Women's leopard print dresses,1,2,"{""2"":1}"
Women's Maxi Dresses,1,2,"{""2"":1}"
Women's Oversized Blazers for Fall,1,2,"{""2"":1}"
Women's Romantic Loungewear,1,2,"{""2"":1}"
Women's Shoes,1,2,"{""2"":1}"
"Women's sleepwear, swimwear, and more from Ekouaer and AI'MAGE",1,2,"{""2"":1}"
Women's Summer-Ready Skirts,1,2,"{""2"":1}"
Women's Sweaters Under $30,1,2,"{""2"":1}"
Women's Sweaters Under $50,1,2,"{""2"":1}"
Women's Swim Under $25,1,2,"{""2"":1}"
Womens New Arrivals,1,2,"{""2"":1}"
Work Dresses Under $50,1,2,"{""2"":1}"
